{
    "graph": [
        {
            "author": "GCI ", 
            "cards": [
                {
                    "active": true, 
                    "cardid": "ab7463e1-e741-11e6-84a6-026d961c88e6", 
                    "description": "Generic branch for capturing free-form written descriptive information.\nIntended to be evolution from v3 description branch from HIP 3. Created semantic description node with description string and description type hanging off of it. Description (semantic node) becomes a grouping node (type and string).  \n\nThis branch meets technical business rules for CRM compliance but CRM experts have said that this is an inappropriate implementation of E62.\n\nConnects to all resources with P140i", 
                    "graph_id": "243f8689-b8f6-11e6-84a5-026d961c88e6", 
                    "helpenabled": false, 
                    "helptext": null, 
                    "helptitle": null, 
                    "instructions": "Enter a description and description type for the resource.", 
                    "is_editable": true, 
                    "name": "Description", 
                    "nodegroup_id": "ab7463df-e741-11e6-84a6-026d961c88e6", 
                    "sortorder": null, 
                    "visible": true
                }, 
                {
                    "active": true, 
                    "cardid": "61f1a1bb-e741-11e6-84a6-026d961c88e6", 
                    "description": "Used to hold identifiers necessary to link a given resource to records in an external (perhaps legacy) system.", 
                    "graph_id": "243f8689-b8f6-11e6-84a5-026d961c88e6", 
                    "helpenabled": false, 
                    "helptext": null, 
                    "helptitle": null, 
                    "instructions": "Enter information for identifiers of the resource from other external sources.", 
                    "is_editable": true, 
                    "name": "External Identifier", 
                    "nodegroup_id": "61f1a1b9-e741-11e6-84a6-026d961c88e6", 
                    "sortorder": null, 
                    "visible": true
                }, 
                {
                    "active": true, 
                    "cardid": "0cbaba65-e742-11e6-84a6-026d961c88e6", 
                    "description": "Start/End dates for resources.  Assumed to be typed and within calendar time. \n\nConnects to Activity (E7) and Historical Event (E5) resource models via P114\nConnects to Heritage Resource (E18) and Heritage Resource Group (E27) resource models via P12i\nConnects to Actor (E39) resource model via P11i", 
                    "graph_id": "243f8689-b8f6-11e6-84a5-026d961c88e6", 
                    "helpenabled": false, 
                    "helptext": null, 
                    "helptitle": null, 
                    "instructions": "Record the start and end dates of the resource's existence.", 
                    "is_editable": true, 
                    "name": "Existence", 
                    "nodegroup_id": "0cbaba63-e742-11e6-84a6-026d961c88e6", 
                    "sortorder": null, 
                    "visible": true
                }, 
                {
                    "active": true, 
                    "cardid": "85c6a1c0-e741-11e6-84a6-026d961c88e6", 
                    "description": "Describes the time span and type of an Activity Resource.", 
                    "graph_id": "243f8689-b8f6-11e6-84a5-026d961c88e6", 
                    "helpenabled": false, 
                    "helptext": null, 
                    "helptitle": null, 
                    "instructions": null, 
                    "is_editable": true, 
                    "name": "Activity Phase", 
                    "nodegroup_id": "85c6a1be-e741-11e6-84a6-026d961c88e6", 
                    "sortorder": null, 
                    "visible": true
                }, 
                {
                    "active": true, 
                    "cardid": "2b6dd399-e741-11e6-84a6-026d961c88e6", 
                    "description": "An informative word used for resource information retrieval that indicates the content of a resource.\n\nRelates to resources via P2.", 
                    "graph_id": "243f8689-b8f6-11e6-84a5-026d961c88e6", 
                    "helpenabled": false, 
                    "helptext": null, 
                    "helptitle": null, 
                    "instructions": "Select keywords associated with the resource.", 
                    "is_editable": true, 
                    "name": "Keyword", 
                    "nodegroup_id": "2b6dd397-e741-11e6-84a6-026d961c88e6", 
                    "sortorder": null, 
                    "visible": true
                }, 
                {
                    "active": true, 
                    "cardid": "f74db657-e741-11e6-84a6-026d961c88e6", 
                    "description": "Represents a single node in a graph", 
                    "graph_id": "243f8689-b8f6-11e6-84a5-026d961c88e6", 
                    "helpenabled": false, 
                    "helptext": null, 
                    "helptitle": null, 
                    "instructions": "Select the administrative/governmental subdivision name and type.", 
                    "is_editable": true, 
                    "name": "Administration Subdivision", 
                    "nodegroup_id": "f74db655-e741-11e6-84a6-026d961c88e6", 
                    "sortorder": 2, 
                    "visible": true
                }, 
                {
                    "active": true, 
                    "cardid": "f74db64e-e741-11e6-84a6-026d961c88e6", 
                    "description": "Represents a single node in a graph", 
                    "graph_id": "243f8689-b8f6-11e6-84a5-026d961c88e6", 
                    "helpenabled": false, 
                    "helptext": null, 
                    "helptitle": null, 
                    "instructions": "Describe the location of the resource.", 
                    "is_editable": true, 
                    "name": "Description Location", 
                    "nodegroup_id": "f74db64c-e741-11e6-84a6-026d961c88e6", 
                    "sortorder": 3, 
                    "visible": true
                }, 
                {
                    "active": true, 
                    "cardid": "f74db65a-e741-11e6-84a6-026d961c88e6", 
                    "description": "For Actor resources: Describes the former and current residences of an Actor resource. Relates to Actor E39 with P74 \nFor Activity and Historic Event: Describes the location of where an activity or historic event took place. Relates to Activity E7 with P7. Relates to Historical Event E5 with P7\n", 
                    "graph_id": "243f8689-b8f6-11e6-84a5-026d961c88e6", 
                    "helpenabled": false, 
                    "helptext": null, 
                    "helptitle": null, 
                    "instructions": null, 
                    "is_editable": true, 
                    "name": "Place 2", 
                    "nodegroup_id": "f74db658-e741-11e6-84a6-026d961c88e6", 
                    "sortorder": null, 
                    "visible": true
                }, 
                {
                    "active": true, 
                    "cardid": "f74db64b-e741-11e6-84a6-026d961c88e6", 
                    "description": "Represents a single node in a graph", 
                    "graph_id": "243f8689-b8f6-11e6-84a5-026d961c88e6", 
                    "helpenabled": false, 
                    "helptext": null, 
                    "helptitle": null, 
                    "instructions": "Enter the address of the location.", 
                    "is_editable": true, 
                    "name": "Address", 
                    "nodegroup_id": "f74db649-e741-11e6-84a6-026d961c88e6", 
                    "sortorder": 1, 
                    "visible": true
                }, 
                {
                    "active": true, 
                    "cardid": "b9e90913-e741-11e6-84a6-026d961c88e6", 
                    "description": "The name of a resource.\n\nApplies to Heritage Resource, Heritage Resource Group, Activity, and Historical Event.  Actors receive their \"names\" from the Appellation branch.", 
                    "graph_id": "243f8689-b8f6-11e6-84a5-026d961c88e6", 
                    "helpenabled": false, 
                    "helptext": null, 
                    "helptitle": null, 
                    "instructions": "Enter the resource name and its respective type.", 
                    "is_editable": true, 
                    "name": "Name", 
                    "nodegroup_id": "b9e90911-e741-11e6-84a6-026d961c88e6", 
                    "sortorder": null, 
                    "visible": true
                }, 
                {
                    "active": true, 
                    "cardid": "85c6a1bd-e741-11e6-84a6-026d961c88e6", 
                    "description": "Represents a single node in a graph", 
                    "graph_id": "243f8689-b8f6-11e6-84a5-026d961c88e6", 
                    "helpenabled": false, 
                    "helptext": null, 
                    "helptitle": null, 
                    "instructions": "Select an activity type and its corresponding to and from dates.", 
                    "is_editable": true, 
                    "name": "Phase Type Assignment", 
                    "nodegroup_id": "85c6a1bb-e741-11e6-84a6-026d961c88e6", 
                    "sortorder": 0, 
                    "visible": true
                }, 
                {
                    "active": true, 
                    "cardid": "f74db654-e741-11e6-84a6-026d961c88e6", 
                    "description": "Represents a single node in a graph", 
                    "graph_id": "243f8689-b8f6-11e6-84a5-026d961c88e6", 
                    "helpenabled": false, 
                    "helptext": null, 
                    "helptitle": null, 
                    "instructions": "Enter the cadastral reference number.", 
                    "is_editable": true, 
                    "name": "Cadastral Reference", 
                    "nodegroup_id": "f74db652-e741-11e6-84a6-026d961c88e6", 
                    "sortorder": 4, 
                    "visible": true
                }, 
                {
                    "active": true, 
                    "cardid": "f74db651-e741-11e6-84a6-026d961c88e6", 
                    "description": "Represents a single node in a graph", 
                    "graph_id": "243f8689-b8f6-11e6-84a5-026d961c88e6", 
                    "helpenabled": false, 
                    "helptext": null, 
                    "helptitle": null, 
                    "instructions": "Define the spatial location.", 
                    "is_editable": true, 
                    "name": "Spatial Location", 
                    "nodegroup_id": "f74db64f-e741-11e6-84a6-026d961c88e6", 
                    "sortorder": 0, 
                    "visible": true
                }
            ], 
            "cards_x_nodes_x_widgets": [
                {
                    "card_id": "85c6a1bd-e741-11e6-84a6-026d961c88e6", 
                    "config": {
                        "dateFormat": "YYYY-MM-DD", 
                        "defaultValue": "", 
                        "label": "From Date", 
                        "maxDate": false, 
                        "minDate": false, 
                        "placeholder": "Enter date", 
                        "viewMode": "days"
                    }, 
                    "id": "85c6a1c7-e741-11e6-84a6-026d961c88e6", 
                    "label": "From Date", 
                    "node_id": "85c6a1c3-e741-11e6-84a6-026d961c88e6", 
                    "sortorder": 2, 
                    "widget_id": "10000000-0000-0000-0000-000000000004"
                }, 
                {
                    "card_id": "85c6a1bd-e741-11e6-84a6-026d961c88e6", 
                    "config": {
                        "dateFormat": "YYYY-MM-DD", 
                        "defaultValue": "", 
                        "label": "To Date", 
                        "maxDate": false, 
                        "minDate": false, 
                        "placeholder": "Enter date", 
                        "viewMode": "days"
                    }, 
                    "id": "85c6a1c6-e741-11e6-84a6-026d961c88e6", 
                    "label": "To Date", 
                    "node_id": "85c6a1c1-e741-11e6-84a6-026d961c88e6", 
                    "sortorder": 1, 
                    "widget_id": "10000000-0000-0000-0000-000000000004"
                }, 
                {
                    "card_id": "85c6a1bd-e741-11e6-84a6-026d961c88e6", 
                    "config": {
                        "defaultValue": "", 
                        "label": "Activity Type", 
                        "options": [
                            {
                                "children": [
                                    {
                                        "children": [], 
                                        "collector": "", 
                                        "conceptid": "ee84b77b-be7e-4d8b-ad47-792ccaf18e5a", 
                                        "id": "02d173f9-b761-41ba-9808-add3e69a25e7", 
                                        "sortorder": "", 
                                        "text": "designation"
                                    }, 
                                    {
                                        "children": [], 
                                        "collector": "", 
                                        "conceptid": "06629fe7-c073-47d4-97de-a71101377a30", 
                                        "id": "e9b8858f-2014-4edd-8383-76d2dd79dfe8", 
                                        "sortorder": "", 
                                        "text": "mills act "
                                    }
                                ], 
                                "collector": "", 
                                "conceptid": "44908366-a476-4dc3-800e-80fe5a7cdd19", 
                                "id": "e200e79d-be67-4dc5-8988-ff25e7f93c9f", 
                                "sortorder": "", 
                                "text": "Designation or Protection"
                            }, 
                            {
                                "children": [
                                    {
                                        "children": [], 
                                        "collector": "", 
                                        "conceptid": "e9f09161-6b43-4ca2-bca1-54b41e6d9d41", 
                                        "id": "e9bb690f-5296-4248-8bd1-0f4236b4e980", 
                                        "sortorder": "", 
                                        "text": "aerial photograph interpretation"
                                    }, 
                                    {
                                        "children": [], 
                                        "collector": "", 
                                        "conceptid": "acd6626b-ec30-49a1-89c7-8d48995c20a3", 
                                        "id": "0438f064-0994-4fc3-a330-bd99702f0cff", 
                                        "sortorder": "", 
                                        "text": "archaeological intervention"
                                    }, 
                                    {
                                        "children": [], 
                                        "collector": "", 
                                        "conceptid": "c7a0d1b3-35ec-44fe-83fb-ba74bf81e3bc", 
                                        "id": "dc1ec573-5a63-4a03-9162-65c74e9b21cb", 
                                        "sortorder": "", 
                                        "text": "archaeological survey"
                                    }, 
                                    {
                                        "children": [], 
                                        "collector": "", 
                                        "conceptid": "9552f97c-7ff6-46ef-84c8-32bcd28f99a5", 
                                        "id": "f82ad47f-3618-4876-8d25-030ae93f2fc2", 
                                        "sortorder": "", 
                                        "text": "architectural survey"
                                    }, 
                                    {
                                        "children": [], 
                                        "collector": "", 
                                        "conceptid": "d580e179-32db-4e13-8df7-6c9f616f914e", 
                                        "id": "14212bc8-4c37-4d38-8d00-ae7aea14a650", 
                                        "sortorder": "", 
                                        "text": "desk based assessment"
                                    }, 
                                    {
                                        "children": [], 
                                        "collector": "", 
                                        "conceptid": "2cf47d3b-b10e-4e78-8eae-a6cd24cfa87b", 
                                        "id": "acf07ae5-ead2-444c-88f7-d76831244fed", 
                                        "sortorder": "", 
                                        "text": "environmental impact assessment"
                                    }, 
                                    {
                                        "children": [], 
                                        "collector": "", 
                                        "conceptid": "9635781a-5e96-4430-b5c7-fa57e7bfe901", 
                                        "id": "a305c6ff-e1d7-495a-b539-ec183914f64f", 
                                        "sortorder": "", 
                                        "text": "excavation"
                                    }, 
                                    {
                                        "children": [], 
                                        "collector": "", 
                                        "conceptid": "769b7783-44ae-4621-9ad9-baad5a97abe5", 
                                        "id": "7bc760cd-ec62-422f-8036-98ab255767a8", 
                                        "sortorder": "", 
                                        "text": "field survey"
                                    }, 
                                    {
                                        "children": [], 
                                        "collector": "", 
                                        "conceptid": "761f3fb3-3376-4ea3-b121-b2196845dac9", 
                                        "id": "4d7745d2-889b-4ae5-bdc2-d32644b61797", 
                                        "sortorder": "", 
                                        "text": "heritage assessment"
                                    }, 
                                    {
                                        "children": [], 
                                        "collector": "", 
                                        "conceptid": "30ea83c2-c00b-408c-bece-10790860506c", 
                                        "id": "1a732f44-a1b1-4678-8d3d-8d70ae9e3953", 
                                        "sortorder": "", 
                                        "text": "historic landscape characterisation"
                                    }, 
                                    {
                                        "children": [], 
                                        "collector": "", 
                                        "conceptid": "c45237ff-a470-4d39-ac11-922c84c9ec0c", 
                                        "id": "2e2fbb10-a83c-4bdb-9a01-ec284f6a4651", 
                                        "sortorder": "", 
                                        "text": "in-depth condition assessment"
                                    }, 
                                    {
                                        "children": [], 
                                        "collector": "", 
                                        "conceptid": "a3f222b3-909d-43d4-a002-8fa48cf60aab", 
                                        "id": "35a6b99c-0053-40fc-8c22-1a0ba2df25e3", 
                                        "sortorder": "", 
                                        "text": "measured survey"
                                    }, 
                                    {
                                        "children": [], 
                                        "collector": "", 
                                        "conceptid": "f4965455-f7be-45b3-8415-28e5365a809f", 
                                        "id": "9c94b4a0-032e-488d-ba75-596f0fe19006", 
                                        "sortorder": "", 
                                        "text": "photographic recording"
                                    }, 
                                    {
                                        "children": [], 
                                        "collector": "", 
                                        "conceptid": "339921d8-cb4a-471e-b540-408b04dc6916", 
                                        "id": "900cf4dd-7181-4917-a4c8-321fa8cacfc6", 
                                        "sortorder": "", 
                                        "text": "remote sensing"
                                    }, 
                                    {
                                        "children": [], 
                                        "collector": "", 
                                        "conceptid": "93813dc8-a305-450f-8610-ef3651c8912c", 
                                        "id": "74cb0706-8acb-465e-85e7-23239e2b89b8", 
                                        "sortorder": "", 
                                        "text": "salvage recording"
                                    }, 
                                    {
                                        "children": [], 
                                        "collector": "", 
                                        "conceptid": "d2b1cf04-78b4-4c0f-a931-fcb009285c45", 
                                        "id": "93fca9bc-87b3-4d73-acf4-f1a4a6eaa00b", 
                                        "sortorder": "", 
                                        "text": "topographic survey"
                                    }
                                ], 
                                "collector": "", 
                                "conceptid": "91e835b8-cdee-40f5-ad48-d4b8494a6fe3", 
                                "id": "b748a257-b005-495b-b182-0c95d83ed266", 
                                "sortorder": "", 
                                "text": "Investigation"
                            }, 
                            {
                                "children": [
                                    {
                                        "children": [], 
                                        "collector": "", 
                                        "conceptid": "229f23c9-e733-42e4-bb5b-eee1aff1b514", 
                                        "id": "39516933-a187-453b-8b42-83a2c41aba50", 
                                        "sortorder": "", 
                                        "text": "conservation intervention"
                                    }, 
                                    {
                                        "children": [], 
                                        "collector": "", 
                                        "conceptid": "09e5bece-a444-41f3-830b-107ae8c54d87", 
                                        "id": "f65977fe-6d34-4ea9-8557-991e51c8a6bd", 
                                        "sortorder": "", 
                                        "text": "fencing"
                                    }, 
                                    {
                                        "children": [], 
                                        "collector": "", 
                                        "conceptid": "0566a9e6-c403-471f-9b4f-456487064612", 
                                        "id": "b1f9295d-38bf-4384-a66d-fc8fb0763eb3", 
                                        "sortorder": "", 
                                        "text": "fire mitigation"
                                    }, 
                                    {
                                        "children": [], 
                                        "collector": "", 
                                        "conceptid": "8dc8da6a-2188-4955-a583-f77ab7bbf4f5", 
                                        "id": "ebbd6e17-960c-46d5-8400-f42d6601410c", 
                                        "sortorder": "", 
                                        "text": "management intervention"
                                    }, 
                                    {
                                        "children": [], 
                                        "collector": "", 
                                        "conceptid": "b097f48a-c643-4ad3-8354-00ae1083d3da", 
                                        "id": "2c679386-6e2f-48b1-8e94-ff84ed5079a0", 
                                        "sortorder": "", 
                                        "text": "reburial"
                                    }
                                ], 
                                "collector": "", 
                                "conceptid": "dcbcafd1-406b-4c09-9165-d315d732680a", 
                                "id": "7e1b3b1c-701c-4a0b-99ec-cb445c6520a6", 
                                "sortorder": "", 
                                "text": "Management"
                            }, 
                            {
                                "children": [], 
                                "collector": "", 
                                "conceptid": "e6fd644b-8a84-4df9-8554-94c4f81cf0e4", 
                                "id": "0fc96718-eb49-403d-8c60-5d7a4eba4080", 
                                "sortorder": "", 
                                "text": "building permit"
                            }
                        ], 
                        "placeholder": "Select an activity type"
                    }, 
                    "id": "85c6a1c5-e741-11e6-84a6-026d961c88e6", 
                    "label": "Activity Type", 
                    "node_id": "85c6a1c4-e741-11e6-84a6-026d961c88e6", 
                    "sortorder": 0, 
                    "widget_id": "10000000-0000-0000-0000-000000000002"
                }
            ], 
            "color": "rgba(245,12,12,1)", 
            "deploymentdate": null, 
            "deploymentfile": null, 
            "description": "This resource model describes activities relating to heritage resources and heritage resource groups.", 
            "edges": [
                {
                    "description": null, 
                    "domainnode_id": "f74db655-e741-11e6-84a6-026d961c88e6", 
                    "edgeid": "f74db666-e741-11e6-84a6-026d961c88e6", 
                    "graph_id": "243f8689-b8f6-11e6-84a5-026d961c88e6", 
                    "name": null, 
                    "ontologyproperty": "http://www.cidoc-crm.org/cidoc-crm/P2_has_type", 
                    "rangenode_id": "f74db65d-e741-11e6-84a6-026d961c88e6"
                }, 
                {
                    "description": null, 
                    "domainnode_id": "ab7463df-e741-11e6-84a6-026d961c88e6", 
                    "edgeid": "ab7463e7-e741-11e6-84a6-026d961c88e6", 
                    "graph_id": "243f8689-b8f6-11e6-84a5-026d961c88e6", 
                    "name": null, 
                    "ontologyproperty": "http://www.cidoc-crm.org/cidoc-crm/P3_has_note", 
                    "rangenode_id": "ab7463e2-e741-11e6-84a6-026d961c88e6"
                }, 
                {
                    "description": null, 
                    "domainnode_id": "0cbaba6c-e742-11e6-84a6-026d961c88e6", 
                    "edgeid": "0cbaba77-e742-11e6-84a6-026d961c88e6", 
                    "graph_id": "243f8689-b8f6-11e6-84a5-026d961c88e6", 
                    "name": null, 
                    "ontologyproperty": "http://www.cidoc-crm.org/cidoc-crm/P2_has_type", 
                    "rangenode_id": "0cbaba6a-e742-11e6-84a6-026d961c88e6"
                }, 
                {
                    "description": null, 
                    "domainnode_id": "85c6a1c2-e741-11e6-84a6-026d961c88e6", 
                    "edgeid": "85c6a1c8-e741-11e6-84a6-026d961c88e6", 
                    "graph_id": "243f8689-b8f6-11e6-84a5-026d961c88e6", 
                    "name": null, 
                    "ontologyproperty": "http://www.cidoc-crm.org/cidoc-crm/P78_is_identified_by", 
                    "rangenode_id": "85c6a1c3-e741-11e6-84a6-026d961c88e6"
                }, 
                {
                    "description": null, 
                    "domainnode_id": "0cbaba6b-e742-11e6-84a6-026d961c88e6", 
                    "edgeid": "0cbaba78-e742-11e6-84a6-026d961c88e6", 
                    "graph_id": "243f8689-b8f6-11e6-84a5-026d961c88e6", 
                    "name": null, 
                    "ontologyproperty": "http://www.cidoc-crm.org/cidoc-crm/P2_has_type", 
                    "rangenode_id": "0cbaba6d-e742-11e6-84a6-026d961c88e6"
                }, 
                {
                    "description": null, 
                    "domainnode_id": "f74db655-e741-11e6-84a6-026d961c88e6", 
                    "edgeid": "f74db669-e741-11e6-84a6-026d961c88e6", 
                    "graph_id": "243f8689-b8f6-11e6-84a5-026d961c88e6", 
                    "name": null, 
                    "ontologyproperty": "http://www.cidoc-crm.org/cidoc-crm/P87_is_identified_by", 
                    "rangenode_id": "f74db65c-e741-11e6-84a6-026d961c88e6"
                }, 
                {
                    "description": null, 
                    "domainnode_id": "243f8688-b8f6-11e6-84a5-026d961c88e6", 
                    "edgeid": "0cbaba7a-e742-11e6-84a6-026d961c88e6", 
                    "graph_id": "243f8689-b8f6-11e6-84a5-026d961c88e6", 
                    "name": null, 
                    "ontologyproperty": "http://www.cidoc-crm.org/cidoc-crm/P114_is_equal_in_time_to", 
                    "rangenode_id": "0cbaba63-e742-11e6-84a6-026d961c88e6"
                }, 
                {
                    "description": null, 
                    "domainnode_id": "243f8688-b8f6-11e6-84a5-026d961c88e6", 
                    "edgeid": "f74db66a-e741-11e6-84a6-026d961c88e6", 
                    "graph_id": "243f8689-b8f6-11e6-84a5-026d961c88e6", 
                    "name": null, 
                    "ontologyproperty": "http://www.cidoc-crm.org/cidoc-crm/P7_took_place_at", 
                    "rangenode_id": "f74db658-e741-11e6-84a6-026d961c88e6"
                }, 
                {
                    "description": null, 
                    "domainnode_id": "85c6a1be-e741-11e6-84a6-026d961c88e6", 
                    "edgeid": "85c6a1cc-e741-11e6-84a6-026d961c88e6", 
                    "graph_id": "243f8689-b8f6-11e6-84a5-026d961c88e6", 
                    "name": null, 
                    "ontologyproperty": "http://www.cidoc-crm.org/cidoc-crm/P41i_was_classified_by", 
                    "rangenode_id": "85c6a1bb-e741-11e6-84a6-026d961c88e6"
                }, 
                {
                    "description": null, 
                    "domainnode_id": "243f8688-b8f6-11e6-84a5-026d961c88e6", 
                    "edgeid": "85c6a1cd-e741-11e6-84a6-026d961c88e6", 
                    "graph_id": "243f8689-b8f6-11e6-84a5-026d961c88e6", 
                    "name": null, 
                    "ontologyproperty": "http://www.cidoc-crm.org/cidoc-crm/P10i_contains", 
                    "rangenode_id": "85c6a1be-e741-11e6-84a6-026d961c88e6"
                }, 
                {
                    "description": null, 
                    "domainnode_id": "0cbaba68-e742-11e6-84a6-026d961c88e6", 
                    "edgeid": "0cbaba74-e742-11e6-84a6-026d961c88e6", 
                    "graph_id": "243f8689-b8f6-11e6-84a5-026d961c88e6", 
                    "name": null, 
                    "ontologyproperty": "http://www.cidoc-crm.org/cidoc-crm/P78_is_identified_by", 
                    "rangenode_id": "0cbaba66-e742-11e6-84a6-026d961c88e6"
                }, 
                {
                    "description": null, 
                    "domainnode_id": "0cbaba6c-e742-11e6-84a6-026d961c88e6", 
                    "edgeid": "0cbaba73-e742-11e6-84a6-026d961c88e6", 
                    "graph_id": "243f8689-b8f6-11e6-84a5-026d961c88e6", 
                    "name": null, 
                    "ontologyproperty": "http://www.cidoc-crm.org/cidoc-crm/P4_has_time-span", 
                    "rangenode_id": "0cbaba67-e742-11e6-84a6-026d961c88e6"
                }, 
                {
                    "description": null, 
                    "domainnode_id": "243f8688-b8f6-11e6-84a5-026d961c88e6", 
                    "edgeid": "61f1a1c3-e741-11e6-84a6-026d961c88e6", 
                    "graph_id": "243f8689-b8f6-11e6-84a5-026d961c88e6", 
                    "name": null, 
                    "ontologyproperty": "http://www.cidoc-crm.org/cidoc-crm/P1_is_identified_by", 
                    "rangenode_id": "61f1a1b9-e741-11e6-84a6-026d961c88e6"
                }, 
                {
                    "description": null, 
                    "domainnode_id": "0cbaba6b-e742-11e6-84a6-026d961c88e6", 
                    "edgeid": "0cbaba75-e742-11e6-84a6-026d961c88e6", 
                    "graph_id": "243f8689-b8f6-11e6-84a5-026d961c88e6", 
                    "name": null, 
                    "ontologyproperty": "http://www.cidoc-crm.org/cidoc-crm/P4_has_time-span", 
                    "rangenode_id": "0cbaba68-e742-11e6-84a6-026d961c88e6"
                }, 
                {
                    "description": null, 
                    "domainnode_id": "85c6a1c2-e741-11e6-84a6-026d961c88e6", 
                    "edgeid": "85c6a1c9-e741-11e6-84a6-026d961c88e6", 
                    "graph_id": "243f8689-b8f6-11e6-84a5-026d961c88e6", 
                    "name": null, 
                    "ontologyproperty": "http://www.cidoc-crm.org/cidoc-crm/P78_is_identified_by", 
                    "rangenode_id": "85c6a1c1-e741-11e6-84a6-026d961c88e6"
                }, 
                {
                    "description": null, 
                    "domainnode_id": "0cbaba63-e742-11e6-84a6-026d961c88e6", 
                    "edgeid": "0cbaba76-e742-11e6-84a6-026d961c88e6", 
                    "graph_id": "243f8689-b8f6-11e6-84a5-026d961c88e6", 
                    "name": null, 
                    "ontologyproperty": "http://www.cidoc-crm.org/cidoc-crm/P115i_is_finished_by", 
                    "rangenode_id": "0cbaba6b-e742-11e6-84a6-026d961c88e6"
                }, 
                {
                    "description": null, 
                    "domainnode_id": "b9e90911-e741-11e6-84a6-026d961c88e6", 
                    "edgeid": "b9e90917-e741-11e6-84a6-026d961c88e6", 
                    "graph_id": "243f8689-b8f6-11e6-84a5-026d961c88e6", 
                    "name": null, 
                    "ontologyproperty": "http://www.cidoc-crm.org/cidoc-crm/P2_has_type", 
                    "rangenode_id": "b9e90914-e741-11e6-84a6-026d961c88e6"
                }, 
                {
                    "description": null, 
                    "domainnode_id": "f74db649-e741-11e6-84a6-026d961c88e6", 
                    "edgeid": "f74db668-e741-11e6-84a6-026d961c88e6", 
                    "graph_id": "243f8689-b8f6-11e6-84a5-026d961c88e6", 
                    "name": null, 
                    "ontologyproperty": "http://www.cidoc-crm.org/cidoc-crm/P2_has_type", 
                    "rangenode_id": "f74db65b-e741-11e6-84a6-026d961c88e6"
                }, 
                {
                    "description": null, 
                    "domainnode_id": "243f8688-b8f6-11e6-84a5-026d961c88e6", 
                    "edgeid": "b9e90918-e741-11e6-84a6-026d961c88e6", 
                    "graph_id": "243f8689-b8f6-11e6-84a5-026d961c88e6", 
                    "name": null, 
                    "ontologyproperty": "http://www.cidoc-crm.org/cidoc-crm/P1_is_identified_by", 
                    "rangenode_id": "b9e90911-e741-11e6-84a6-026d961c88e6"
                }, 
                {
                    "description": null, 
                    "domainnode_id": "61f1a1b9-e741-11e6-84a6-026d961c88e6", 
                    "edgeid": "61f1a1c1-e741-11e6-84a6-026d961c88e6", 
                    "graph_id": "243f8689-b8f6-11e6-84a5-026d961c88e6", 
                    "name": null, 
                    "ontologyproperty": "http://www.cidoc-crm.org/cidoc-crm/P2_has_type", 
                    "rangenode_id": "61f1a1bc-e741-11e6-84a6-026d961c88e6"
                }, 
                {
                    "description": null, 
                    "domainnode_id": "243f8688-b8f6-11e6-84a5-026d961c88e6", 
                    "edgeid": "2b6dd39b-e741-11e6-84a6-026d961c88e6", 
                    "graph_id": "243f8689-b8f6-11e6-84a5-026d961c88e6", 
                    "name": null, 
                    "ontologyproperty": "http://www.cidoc-crm.org/cidoc-crm/P2_has_type", 
                    "rangenode_id": "2b6dd397-e741-11e6-84a6-026d961c88e6"
                }, 
                {
                    "description": null, 
                    "domainnode_id": "ab7463df-e741-11e6-84a6-026d961c88e6", 
                    "edgeid": "ab7463e6-e741-11e6-84a6-026d961c88e6", 
                    "graph_id": "243f8689-b8f6-11e6-84a5-026d961c88e6", 
                    "name": null, 
                    "ontologyproperty": "http://www.cidoc-crm.org/cidoc-crm/P2_has_type", 
                    "rangenode_id": "ab7463e3-e741-11e6-84a6-026d961c88e6"
                }, 
                {
                    "description": null, 
                    "domainnode_id": "85c6a1bb-e741-11e6-84a6-026d961c88e6", 
                    "edgeid": "85c6a1cb-e741-11e6-84a6-026d961c88e6", 
                    "graph_id": "243f8689-b8f6-11e6-84a5-026d961c88e6", 
                    "name": null, 
                    "ontologyproperty": "http://www.cidoc-crm.org/cidoc-crm/P2_has_type", 
                    "rangenode_id": "85c6a1c4-e741-11e6-84a6-026d961c88e6"
                }, 
                {
                    "description": null, 
                    "domainnode_id": "0cbaba63-e742-11e6-84a6-026d961c88e6", 
                    "edgeid": "0cbaba79-e742-11e6-84a6-026d961c88e6", 
                    "graph_id": "243f8689-b8f6-11e6-84a5-026d961c88e6", 
                    "name": null, 
                    "ontologyproperty": "http://www.cidoc-crm.org/cidoc-crm/P116i_is_started_by", 
                    "rangenode_id": "0cbaba6c-e742-11e6-84a6-026d961c88e6"
                }, 
                {
                    "description": null, 
                    "domainnode_id": "243f8688-b8f6-11e6-84a5-026d961c88e6", 
                    "edgeid": "ab7463e8-e741-11e6-84a6-026d961c88e6", 
                    "graph_id": "243f8689-b8f6-11e6-84a5-026d961c88e6", 
                    "name": null, 
                    "ontologyproperty": "http://www.cidoc-crm.org/cidoc-crm/P140i_was_attributed_by", 
                    "rangenode_id": "ab7463df-e741-11e6-84a6-026d961c88e6"
                }, 
                {
                    "description": null, 
                    "domainnode_id": "85c6a1bb-e741-11e6-84a6-026d961c88e6", 
                    "edgeid": "85c6a1ca-e741-11e6-84a6-026d961c88e6", 
                    "graph_id": "243f8689-b8f6-11e6-84a5-026d961c88e6", 
                    "name": null, 
                    "ontologyproperty": "http://www.cidoc-crm.org/cidoc-crm/P4_has_time-span", 
                    "rangenode_id": "85c6a1c2-e741-11e6-84a6-026d961c88e6"
                }, 
                {
                    "description": null, 
                    "domainnode_id": "f74db658-e741-11e6-84a6-026d961c88e6", 
                    "edgeid": "f74db667-e741-11e6-84a6-026d961c88e6", 
                    "graph_id": "243f8689-b8f6-11e6-84a5-026d961c88e6", 
                    "name": null, 
                    "ontologyproperty": "http://www.cidoc-crm.org/cidoc-crm/P89_falls_within", 
                    "rangenode_id": "f74db655-e741-11e6-84a6-026d961c88e6"
                }, 
                {
                    "description": null, 
                    "domainnode_id": "61f1a1b9-e741-11e6-84a6-026d961c88e6", 
                    "edgeid": "61f1a1c2-e741-11e6-84a6-026d961c88e6", 
                    "graph_id": "243f8689-b8f6-11e6-84a5-026d961c88e6", 
                    "name": null, 
                    "ontologyproperty": "http://www.cidoc-crm.org/cidoc-crm/P2_has_type", 
                    "rangenode_id": "61f1a1bd-e741-11e6-84a6-026d961c88e6"
                }, 
                {
                    "description": null, 
                    "domainnode_id": "f74db658-e741-11e6-84a6-026d961c88e6", 
                    "edgeid": "f74db660-e741-11e6-84a6-026d961c88e6", 
                    "graph_id": "243f8689-b8f6-11e6-84a5-026d961c88e6", 
                    "name": null, 
                    "ontologyproperty": "http://www.cidoc-crm.org/cidoc-crm/P87_is_identified_by", 
                    "rangenode_id": "f74db649-e741-11e6-84a6-026d961c88e6"
                }, 
                {
                    "description": null, 
                    "domainnode_id": "f74db64c-e741-11e6-84a6-026d961c88e6", 
                    "edgeid": "f74db662-e741-11e6-84a6-026d961c88e6", 
                    "graph_id": "243f8689-b8f6-11e6-84a5-026d961c88e6", 
                    "name": null, 
                    "ontologyproperty": "http://www.cidoc-crm.org/cidoc-crm/P3_has_note", 
                    "rangenode_id": "f74db65e-e741-11e6-84a6-026d961c88e6"
                }, 
                {
                    "description": null, 
                    "domainnode_id": "f74db64f-e741-11e6-84a6-026d961c88e6", 
                    "edgeid": "f74db661-e741-11e6-84a6-026d961c88e6", 
                    "graph_id": "243f8689-b8f6-11e6-84a5-026d961c88e6", 
                    "name": null, 
                    "ontologyproperty": "http://www.cidoc-crm.org/cidoc-crm/P2_has_type", 
                    "rangenode_id": "f74db65f-e741-11e6-84a6-026d961c88e6"
                }, 
                {
                    "description": null, 
                    "domainnode_id": "f74db658-e741-11e6-84a6-026d961c88e6", 
                    "edgeid": "f74db663-e741-11e6-84a6-026d961c88e6", 
                    "graph_id": "243f8689-b8f6-11e6-84a5-026d961c88e6", 
                    "name": null, 
                    "ontologyproperty": "http://www.cidoc-crm.org/cidoc-crm/P140i_was_attributed_by", 
                    "rangenode_id": "f74db64c-e741-11e6-84a6-026d961c88e6"
                }, 
                {
                    "description": null, 
                    "domainnode_id": "f74db658-e741-11e6-84a6-026d961c88e6", 
                    "edgeid": "f74db664-e741-11e6-84a6-026d961c88e6", 
                    "graph_id": "243f8689-b8f6-11e6-84a5-026d961c88e6", 
                    "name": null, 
                    "ontologyproperty": "http://www.cidoc-crm.org/cidoc-crm/P87_is_identified_by", 
                    "rangenode_id": "f74db652-e741-11e6-84a6-026d961c88e6"
                }, 
                {
                    "description": null, 
                    "domainnode_id": "0cbaba67-e742-11e6-84a6-026d961c88e6", 
                    "edgeid": "0cbaba72-e742-11e6-84a6-026d961c88e6", 
                    "graph_id": "243f8689-b8f6-11e6-84a5-026d961c88e6", 
                    "name": null, 
                    "ontologyproperty": "http://www.cidoc-crm.org/cidoc-crm/P78_is_identified_by", 
                    "rangenode_id": "0cbaba69-e742-11e6-84a6-026d961c88e6"
                }, 
                {
                    "description": null, 
                    "domainnode_id": "f74db658-e741-11e6-84a6-026d961c88e6", 
                    "edgeid": "f74db665-e741-11e6-84a6-026d961c88e6", 
                    "graph_id": "243f8689-b8f6-11e6-84a5-026d961c88e6", 
                    "name": null, 
                    "ontologyproperty": "http://www.cidoc-crm.org/cidoc-crm/P87_is_identified_by", 
                    "rangenode_id": "f74db64f-e741-11e6-84a6-026d961c88e6"
                }
            ], 
            "forms": [
                {
                    "formid": "c23db292-e74f-11e6-84a6-026d961c88e6", 
                    "graph_id": "243f8689-b8f6-11e6-84a5-026d961c88e6", 
                    "iconclass": null, 
                    "sortorder": null, 
                    "subtitle": "Names, Start and End Dates, Description, Keywords", 
                    "title": "Activity Summary", 
                    "visible": true
                }, 
                {
                    "formid": "05a22f18-e750-11e6-84a6-026d961c88e6", 
                    "graph_id": "243f8689-b8f6-11e6-84a5-026d961c88e6", 
                    "iconclass": null, 
                    "sortorder": null, 
                    "subtitle": "Where the activity took place", 
                    "title": "Location", 
                    "visible": true
                }, 
                {
                    "formid": "4d9296f0-e750-11e6-84a6-026d961c88e6", 
                    "graph_id": "243f8689-b8f6-11e6-84a5-026d961c88e6", 
                    "iconclass": null, 
                    "sortorder": null, 
                    "subtitle": "Types of actions performed during the activity", 
                    "title": "Activity Actions", 
                    "visible": true
                }, 
                {
                    "formid": "6503cf70-e750-11e6-84a6-026d961c88e6", 
                    "graph_id": "243f8689-b8f6-11e6-84a5-026d961c88e6", 
                    "iconclass": null, 
                    "sortorder": null, 
                    "subtitle": "External references or identifiers for activity", 
                    "title": "External References", 
                    "visible": true
                }
            ], 
            "forms_x_cards": [
                {
                    "card_id": "b9e90913-e741-11e6-84a6-026d961c88e6", 
                    "form_id": "c23db292-e74f-11e6-84a6-026d961c88e6", 
                    "id": "22091054-e750-11e6-84a6-026d961c88e6", 
                    "sortorder": 0
                }, 
                {
                    "card_id": "0cbaba65-e742-11e6-84a6-026d961c88e6", 
                    "form_id": "c23db292-e74f-11e6-84a6-026d961c88e6", 
                    "id": "22091055-e750-11e6-84a6-026d961c88e6", 
                    "sortorder": 1
                }, 
                {
                    "card_id": "ab7463e1-e741-11e6-84a6-026d961c88e6", 
                    "form_id": "c23db292-e74f-11e6-84a6-026d961c88e6", 
                    "id": "22091056-e750-11e6-84a6-026d961c88e6", 
                    "sortorder": 2
                }, 
                {
                    "card_id": "2b6dd399-e741-11e6-84a6-026d961c88e6", 
                    "form_id": "c23db292-e74f-11e6-84a6-026d961c88e6", 
                    "id": "22091057-e750-11e6-84a6-026d961c88e6", 
                    "sortorder": 3
                }, 
                {
                    "card_id": "f74db65a-e741-11e6-84a6-026d961c88e6", 
                    "form_id": "05a22f18-e750-11e6-84a6-026d961c88e6", 
                    "id": "40d95214-e750-11e6-84a6-026d961c88e6", 
                    "sortorder": 0
                }, 
                {
                    "card_id": "85c6a1c0-e741-11e6-84a6-026d961c88e6", 
                    "form_id": "4d9296f0-e750-11e6-84a6-026d961c88e6", 
                    "id": "63aa6af8-e750-11e6-84a6-026d961c88e6", 
                    "sortorder": 0
                }, 
                {
                    "card_id": "61f1a1bb-e741-11e6-84a6-026d961c88e6", 
                    "form_id": "6503cf70-e750-11e6-84a6-026d961c88e6", 
                    "id": "89d7813e-e750-11e6-84a6-026d961c88e6", 
                    "sortorder": 0
                }
            ], 
            "functions_x_graphs": [], 
            "graphid": "243f8689-b8f6-11e6-84a5-026d961c88e6", 
            "iconclass": "fa fa-tasks", 
            "is_editable": true, 
            "isactive": true, 
            "isresource": true, 
            "name": "Activity Resource Model", 
            "nodegroups": [
                {
                    "cardinality": "n", 
                    "legacygroupid": null, 
                    "nodegroupid": "85c6a1be-e741-11e6-84a6-026d961c88e6", 
                    "parentnodegroup_id": null
                }, 
                {
                    "cardinality": "n", 
                    "legacygroupid": null, 
                    "nodegroupid": "f74db649-e741-11e6-84a6-026d961c88e6", 
                    "parentnodegroup_id": "f74db658-e741-11e6-84a6-026d961c88e6"
                }, 
                {
                    "cardinality": "1", 
                    "legacygroupid": null, 
                    "nodegroupid": "f74db64f-e741-11e6-84a6-026d961c88e6", 
                    "parentnodegroup_id": "f74db658-e741-11e6-84a6-026d961c88e6"
                }, 
                {
                    "cardinality": "n", 
                    "legacygroupid": null, 
                    "nodegroupid": "b9e90911-e741-11e6-84a6-026d961c88e6", 
                    "parentnodegroup_id": null
                }, 
                {
                    "cardinality": "n", 
                    "legacygroupid": null, 
                    "nodegroupid": "2b6dd397-e741-11e6-84a6-026d961c88e6", 
                    "parentnodegroup_id": null
                }, 
                {
                    "cardinality": "n", 
                    "legacygroupid": null, 
                    "nodegroupid": "f74db655-e741-11e6-84a6-026d961c88e6", 
                    "parentnodegroup_id": "f74db658-e741-11e6-84a6-026d961c88e6"
                }, 
                {
                    "cardinality": "n", 
                    "legacygroupid": null, 
                    "nodegroupid": "61f1a1b9-e741-11e6-84a6-026d961c88e6", 
                    "parentnodegroup_id": null
                }, 
                {
                    "cardinality": "n", 
                    "legacygroupid": null, 
                    "nodegroupid": "ab7463df-e741-11e6-84a6-026d961c88e6", 
                    "parentnodegroup_id": null
                }, 
                {
                    "cardinality": "1", 
                    "legacygroupid": null, 
                    "nodegroupid": "f74db658-e741-11e6-84a6-026d961c88e6", 
                    "parentnodegroup_id": null
                }, 
                {
                    "cardinality": "n", 
                    "legacygroupid": null, 
                    "nodegroupid": "f74db652-e741-11e6-84a6-026d961c88e6", 
                    "parentnodegroup_id": "f74db658-e741-11e6-84a6-026d961c88e6"
                }, 
                {
                    "cardinality": "1", 
                    "legacygroupid": null, 
                    "nodegroupid": "85c6a1bb-e741-11e6-84a6-026d961c88e6", 
                    "parentnodegroup_id": "85c6a1be-e741-11e6-84a6-026d961c88e6"
                }, 
                {
                    "cardinality": "1", 
                    "legacygroupid": null, 
                    "nodegroupid": "f74db64c-e741-11e6-84a6-026d961c88e6", 
                    "parentnodegroup_id": "f74db658-e741-11e6-84a6-026d961c88e6"
                }, 
                {
                    "cardinality": "1", 
                    "legacygroupid": null, 
                    "nodegroupid": "0cbaba63-e742-11e6-84a6-026d961c88e6", 
                    "parentnodegroup_id": null
                }
            ], 
            "nodes": [
                {
                    "config": null, 
                    "datatype": "semantic", 
                    "description": "Represents a single node in a graph", 
                    "graph_id": "243f8689-b8f6-11e6-84a5-026d961c88e6", 
                    "is_collector": false, 
                    "isrequired": false, 
                    "issearchable": true, 
                    "istopnode": false, 
                    "name": "Beginning of Existence Time Span", 
                    "nodegroup_id": "0cbaba63-e742-11e6-84a6-026d961c88e6", 
                    "nodeid": "0cbaba67-e742-11e6-84a6-026d961c88e6", 
                    "ontologyclass": "http://www.cidoc-crm.org/cidoc-crm/E52_Time-Span", 
                    "parentproperty": "http://www.cidoc-crm.org/cidoc-crm/P4_has_time-span"
                }, 
                {
                    "config": null, 
                    "datatype": "date", 
                    "description": "Represents a single node in a graph", 
                    "graph_id": "243f8689-b8f6-11e6-84a5-026d961c88e6", 
                    "is_collector": false, 
                    "isrequired": false, 
                    "issearchable": true, 
                    "istopnode": false, 
                    "name": "Start Date of Existence", 
                    "nodegroup_id": "0cbaba63-e742-11e6-84a6-026d961c88e6", 
                    "nodeid": "0cbaba69-e742-11e6-84a6-026d961c88e6", 
                    "ontologyclass": "http://www.cidoc-crm.org/cidoc-crm/E49_Time_Appellation", 
                    "parentproperty": "http://www.cidoc-crm.org/cidoc-crm/P78_is_identified_by"
                }, 
                {
                    "config": null, 
                    "datatype": "string", 
                    "description": "Represents a single node in a graph", 
                    "graph_id": "243f8689-b8f6-11e6-84a5-026d961c88e6", 
                    "is_collector": true, 
                    "isrequired": false, 
                    "issearchable": true, 
                    "istopnode": false, 
                    "name": "Place Address", 
                    "nodegroup_id": "f74db649-e741-11e6-84a6-026d961c88e6", 
                    "nodeid": "f74db649-e741-11e6-84a6-026d961c88e6", 
                    "ontologyclass": "http://www.cidoc-crm.org/cidoc-crm/E45_Address", 
                    "parentproperty": "http://www.cidoc-crm.org/cidoc-crm/P87_is_identified_by"
                }, 
                {
                    "config": null, 
                    "datatype": "semantic", 
                    "description": "", 
                    "graph_id": "243f8689-b8f6-11e6-84a5-026d961c88e6", 
                    "is_collector": false, 
                    "isrequired": false, 
                    "issearchable": true, 
                    "istopnode": false, 
                    "name": "End of Existence", 
                    "nodegroup_id": "0cbaba63-e742-11e6-84a6-026d961c88e6", 
                    "nodeid": "0cbaba6b-e742-11e6-84a6-026d961c88e6", 
                    "ontologyclass": "http://www.cidoc-crm.org/cidoc-crm/E64_End_of_Existence", 
                    "parentproperty": "http://www.cidoc-crm.org/cidoc-crm/P115i_is_finished_by"
                }, 
                {
                    "config": {
                        "rdmCollection": "216ee2fb-4197-4f84-84dd-3a38d59480fb"
                    }, 
                    "datatype": "concept", 
                    "description": "", 
                    "graph_id": "243f8689-b8f6-11e6-84a5-026d961c88e6", 
                    "is_collector": false, 
                    "isrequired": false, 
                    "issearchable": true, 
                    "istopnode": false, 
                    "name": "Start Date Type", 
                    "nodegroup_id": "0cbaba63-e742-11e6-84a6-026d961c88e6", 
                    "nodeid": "0cbaba6a-e742-11e6-84a6-026d961c88e6", 
                    "ontologyclass": "http://www.cidoc-crm.org/cidoc-crm/E55_Type", 
                    "parentproperty": "http://www.cidoc-crm.org/cidoc-crm/P2_has_type"
                }, 
                {
                    "config": null, 
                    "datatype": "semantic", 
                    "description": "", 
                    "graph_id": "243f8689-b8f6-11e6-84a5-026d961c88e6", 
                    "is_collector": false, 
                    "isrequired": false, 
                    "issearchable": true, 
                    "istopnode": false, 
                    "name": "Beginning of Existence", 
                    "nodegroup_id": "0cbaba63-e742-11e6-84a6-026d961c88e6", 
                    "nodeid": "0cbaba6c-e742-11e6-84a6-026d961c88e6", 
                    "ontologyclass": "http://www.cidoc-crm.org/cidoc-crm/E63_Beginning_of_Existence", 
                    "parentproperty": "http://www.cidoc-crm.org/cidoc-crm/P116i_is_started_by"
                }, 
                {
                    "config": null, 
                    "datatype": "string", 
                    "description": "Represents a single node in a graph", 
                    "graph_id": "243f8689-b8f6-11e6-84a5-026d961c88e6", 
                    "is_collector": true, 
                    "isrequired": false, 
                    "issearchable": true, 
                    "istopnode": false, 
                    "name": "Cadastral Reference", 
                    "nodegroup_id": "f74db652-e741-11e6-84a6-026d961c88e6", 
                    "nodeid": "f74db652-e741-11e6-84a6-026d961c88e6", 
                    "ontologyclass": "http://www.cidoc-crm.org/cidoc-crm/E44_Place_Appellation", 
                    "parentproperty": "http://www.cidoc-crm.org/cidoc-crm/P87_is_identified_by"
                }, 
                {
                    "config": {
                        "rdmCollection": null
                    }, 
                    "datatype": "concept", 
                    "description": "Represents a single node in a graph", 
                    "graph_id": "243f8689-b8f6-11e6-84a5-026d961c88e6", 
                    "is_collector": false, 
                    "isrequired": false, 
                    "issearchable": true, 
                    "istopnode": false, 
                    "name": "Description Type", 
                    "nodegroup_id": "ab7463df-e741-11e6-84a6-026d961c88e6", 
                    "nodeid": "ab7463e3-e741-11e6-84a6-026d961c88e6", 
                    "ontologyclass": "http://www.cidoc-crm.org/cidoc-crm/E55_Type", 
                    "parentproperty": "http://www.cidoc-crm.org/cidoc-crm/P2_has_type"
                }, 
                {
                    "config": {
                        "rdmCollection": "051b5950-2c1e-49ff-af0d-dfbaa971d2fa"
                    }, 
                    "datatype": "concept", 
                    "description": "Represents a single node in a graph", 
                    "graph_id": "243f8689-b8f6-11e6-84a5-026d961c88e6", 
                    "is_collector": false, 
                    "isrequired": false, 
                    "issearchable": true, 
                    "istopnode": false, 
                    "name": "Name Type", 
                    "nodegroup_id": "b9e90911-e741-11e6-84a6-026d961c88e6", 
                    "nodeid": "b9e90914-e741-11e6-84a6-026d961c88e6", 
                    "ontologyclass": "http://www.cidoc-crm.org/cidoc-crm/E55_Type", 
                    "parentproperty": "http://www.cidoc-crm.org/cidoc-crm/P2_has_type"
                }, 
                {
                    "config": {
                        "rdmCollection": "4063c7c5-485b-432b-9dfb-4f81cb6b5cfd"
                    }, 
                    "datatype": "concept-list", 
                    "description": "", 
                    "graph_id": "243f8689-b8f6-11e6-84a5-026d961c88e6", 
                    "is_collector": true, 
                    "isrequired": false, 
                    "issearchable": true, 
                    "istopnode": false, 
                    "name": "Keyword", 
                    "nodegroup_id": "2b6dd397-e741-11e6-84a6-026d961c88e6", 
                    "nodeid": "2b6dd397-e741-11e6-84a6-026d961c88e6", 
                    "ontologyclass": "http://www.cidoc-crm.org/cidoc-crm/E55_Type", 
                    "parentproperty": "http://www.cidoc-crm.org/cidoc-crm/P2_has_type"
                }, 
                {
                    "config": null, 
                    "datatype": "semantic", 
                    "description": "", 
                    "graph_id": "243f8689-b8f6-11e6-84a5-026d961c88e6", 
                    "is_collector": true, 
                    "isrequired": false, 
                    "issearchable": true, 
                    "istopnode": false, 
                    "name": "Description Assignment", 
                    "nodegroup_id": "ab7463df-e741-11e6-84a6-026d961c88e6", 
                    "nodeid": "ab7463df-e741-11e6-84a6-026d961c88e6", 
                    "ontologyclass": "http://www.cidoc-crm.org/cidoc-crm/E13_Attribute_Assignment", 
                    "parentproperty": "http://www.cidoc-crm.org/cidoc-crm/P140i_was_attributed_by"
                }, 
                {
                    "config": {}, 
                    "datatype": "semantic", 
                    "description": "", 
                    "graph_id": "243f8689-b8f6-11e6-84a5-026d961c88e6", 
                    "is_collector": false, 
                    "isrequired": false, 
                    "issearchable": true, 
                    "istopnode": true, 
                    "name": "Activity", 
                    "nodegroup_id": null, 
                    "nodeid": "243f8688-b8f6-11e6-84a5-026d961c88e6", 
                    "ontologyclass": "http://www.cidoc-crm.org/cidoc-crm/E7_Activity", 
                    "parentproperty": ""
                }, 
                {
                    "config": {
                        "rdmCollection": "a4bfeafb-7a04-43fd-b812-331105ce78b3"
                    }, 
                    "datatype": "concept", 
                    "description": "Represents a single node in a graph", 
                    "graph_id": "243f8689-b8f6-11e6-84a5-026d961c88e6", 
                    "is_collector": false, 
                    "isrequired": false, 
                    "issearchable": true, 
                    "istopnode": false, 
                    "name": "External Identifier Type", 
                    "nodegroup_id": "61f1a1b9-e741-11e6-84a6-026d961c88e6", 
                    "nodeid": "61f1a1bc-e741-11e6-84a6-026d961c88e6", 
                    "ontologyclass": "http://www.cidoc-crm.org/cidoc-crm/E55_Type", 
                    "parentproperty": "http://www.cidoc-crm.org/cidoc-crm/P2_has_type"
                }, 
                {
                    "config": null, 
                    "datatype": "string", 
                    "description": "", 
                    "graph_id": "243f8689-b8f6-11e6-84a5-026d961c88e6", 
                    "is_collector": true, 
                    "isrequired": false, 
                    "issearchable": true, 
                    "istopnode": false, 
                    "name": "External XRef", 
                    "nodegroup_id": "61f1a1b9-e741-11e6-84a6-026d961c88e6", 
                    "nodeid": "61f1a1b9-e741-11e6-84a6-026d961c88e6", 
                    "ontologyclass": "http://www.cidoc-crm.org/cidoc-crm/E42_Identifier", 
                    "parentproperty": "http://www.cidoc-crm.org/cidoc-crm/P1_is_identified_by"
                }, 
                {
                    "config": {
                        "rdmCollection": "873866bb-d7c6-46a7-94fd-8a085d8eff57"
                    }, 
                    "datatype": "concept", 
                    "description": "", 
                    "graph_id": "243f8689-b8f6-11e6-84a5-026d961c88e6", 
                    "is_collector": false, 
                    "isrequired": false, 
                    "issearchable": true, 
                    "istopnode": false, 
                    "name": "End Date Type", 
                    "nodegroup_id": "0cbaba63-e742-11e6-84a6-026d961c88e6", 
                    "nodeid": "0cbaba6d-e742-11e6-84a6-026d961c88e6", 
                    "ontologyclass": "http://www.cidoc-crm.org/cidoc-crm/E55_Type", 
                    "parentproperty": "http://www.cidoc-crm.org/cidoc-crm/P2_has_type"
                }, 
                {
                    "config": null, 
                    "datatype": "semantic", 
                    "description": "", 
                    "graph_id": "243f8689-b8f6-11e6-84a5-026d961c88e6", 
                    "is_collector": true, 
                    "isrequired": false, 
                    "issearchable": true, 
                    "istopnode": false, 
                    "name": "Place", 
                    "nodegroup_id": "f74db658-e741-11e6-84a6-026d961c88e6", 
                    "nodeid": "f74db658-e741-11e6-84a6-026d961c88e6", 
                    "ontologyclass": "http://www.cidoc-crm.org/cidoc-crm/E53_Place", 
                    "parentproperty": "http://www.cidoc-crm.org/cidoc-crm/P7_took_place_at"
                }, 
                {
                    "config": null, 
                    "datatype": "semantic", 
                    "description": "Represents a single node in a graph", 
                    "graph_id": "243f8689-b8f6-11e6-84a5-026d961c88e6", 
                    "is_collector": false, 
                    "isrequired": false, 
                    "issearchable": true, 
                    "istopnode": false, 
                    "name": "Time Span Phase", 
                    "nodegroup_id": "85c6a1bb-e741-11e6-84a6-026d961c88e6", 
                    "nodeid": "85c6a1c2-e741-11e6-84a6-026d961c88e6", 
                    "ontologyclass": "http://www.cidoc-crm.org/cidoc-crm/E52_Time-Span", 
                    "parentproperty": "http://www.cidoc-crm.org/cidoc-crm/P4_has_time-span"
                }, 
                {
                    "config": null, 
                    "datatype": "semantic", 
                    "description": "Represents a single node in a graph", 
                    "graph_id": "243f8689-b8f6-11e6-84a5-026d961c88e6", 
                    "is_collector": true, 
                    "isrequired": false, 
                    "issearchable": true, 
                    "istopnode": false, 
                    "name": "Administration Subdivision", 
                    "nodegroup_id": "f74db655-e741-11e6-84a6-026d961c88e6", 
                    "nodeid": "f74db655-e741-11e6-84a6-026d961c88e6", 
                    "ontologyclass": "http://www.cidoc-crm.org/cidoc-crm/E53_Place", 
                    "parentproperty": "http://www.cidoc-crm.org/cidoc-crm/P89_falls_within"
                }, 
                {
                    "config": null, 
                    "datatype": "semantic", 
                    "description": "Represents a single node in a graph", 
                    "graph_id": "243f8689-b8f6-11e6-84a5-026d961c88e6", 
                    "is_collector": true, 
                    "isrequired": false, 
                    "issearchable": true, 
                    "istopnode": false, 
                    "name": "Phase Type Assignment", 
                    "nodegroup_id": "85c6a1bb-e741-11e6-84a6-026d961c88e6", 
                    "nodeid": "85c6a1bb-e741-11e6-84a6-026d961c88e6", 
                    "ontologyclass": "http://www.cidoc-crm.org/cidoc-crm/E17_Type_Assignment", 
                    "parentproperty": "http://www.cidoc-crm.org/cidoc-crm/P41i_was_classified_by"
                }, 
                {
                    "config": {
                        "addToMap": false, 
                        "advancedStyle": "", 
                        "advancedStyling": false, 
                        "autoManageCache": false, 
                        "cacheTiles": false, 
                        "clusterDistance": 20, 
                        "clusterMaxZoom": 5, 
                        "clusterMinPoints": 3, 
                        "fillColor": "rgba(130, 130, 130, 0.5)", 
                        "haloRadius": 4, 
                        "haloWeight": 4, 
                        "layerActivated": true, 
                        "layerIcon": "", 
                        "layerName": "", 
                        "lineColor": "rgba(130, 130, 130, 0.7)", 
                        "lineHaloColor": "rgba(200, 200, 200, 0.5)", 
                        "outlineColor": "rgba(200, 200, 200, 0.7)", 
                        "outlineWeight": 2, 
                        "pointColor": "rgba(130, 130, 130, 0.7)", 
                        "pointHaloColor": "rgba(200, 200, 200, 0.5)", 
                        "radius": 2, 
                        "simplification": 0.3, 
                        "weight": 2
                    }, 
                    "datatype": "geojson-feature-collection", 
                    "description": "Represents a single node in a graph", 
                    "graph_id": "243f8689-b8f6-11e6-84a5-026d961c88e6", 
                    "is_collector": true, 
                    "isrequired": false, 
                    "issearchable": true, 
                    "istopnode": false, 
                    "name": "Spatial Coordinates Geometry", 
                    "nodegroup_id": "f74db64f-e741-11e6-84a6-026d961c88e6", 
                    "nodeid": "f74db64f-e741-11e6-84a6-026d961c88e6", 
                    "ontologyclass": "http://www.cidoc-crm.org/cidoc-crm/E47_Spatial_Coordinates", 
                    "parentproperty": "http://www.cidoc-crm.org/cidoc-crm/P87_is_identified_by"
                }, 
                {
                    "config": null, 
                    "datatype": "semantic", 
                    "description": "Represents a single node in a graph", 
                    "graph_id": "243f8689-b8f6-11e6-84a5-026d961c88e6", 
                    "is_collector": false, 
                    "isrequired": false, 
                    "issearchable": true, 
                    "istopnode": false, 
                    "name": "End of Existence Time Span", 
                    "nodegroup_id": "0cbaba63-e742-11e6-84a6-026d961c88e6", 
                    "nodeid": "0cbaba68-e742-11e6-84a6-026d961c88e6", 
                    "ontologyclass": "http://www.cidoc-crm.org/cidoc-crm/E52_Time-Span", 
                    "parentproperty": "http://www.cidoc-crm.org/cidoc-crm/P4_has_time-span"
                }, 
                {
                    "config": null, 
                    "datatype": "string", 
                    "description": "Represents a single node in a graph", 
                    "graph_id": "243f8689-b8f6-11e6-84a5-026d961c88e6", 
                    "is_collector": false, 
                    "isrequired": false, 
                    "issearchable": true, 
                    "istopnode": false, 
                    "name": "Administrative Subdivision Name", 
                    "nodegroup_id": "f74db655-e741-11e6-84a6-026d961c88e6", 
                    "nodeid": "f74db65c-e741-11e6-84a6-026d961c88e6", 
                    "ontologyclass": "http://www.cidoc-crm.org/cidoc-crm/E44_Place_Appellation", 
                    "parentproperty": "http://www.cidoc-crm.org/cidoc-crm/P87_is_identified_by"
                }, 
                {
                    "config": {
                        "rdmCollection": "d5230d60-0eb9-483d-90f4-9965eaca0292"
                    }, 
                    "datatype": "concept", 
                    "description": "Represents a single node in a graph", 
                    "graph_id": "243f8689-b8f6-11e6-84a5-026d961c88e6", 
                    "is_collector": false, 
                    "isrequired": false, 
                    "issearchable": true, 
                    "istopnode": false, 
                    "name": "Administrative Subdivision Type", 
                    "nodegroup_id": "f74db655-e741-11e6-84a6-026d961c88e6", 
                    "nodeid": "f74db65d-e741-11e6-84a6-026d961c88e6", 
                    "ontologyclass": "http://www.cidoc-crm.org/cidoc-crm/E55_Type", 
                    "parentproperty": "http://www.cidoc-crm.org/cidoc-crm/P2_has_type"
                }, 
                {
                    "config": {
                        "rdmCollection": "eaf99308-095e-424d-ac8b-51d1da78deb4"
                    }, 
                    "datatype": "concept", 
                    "description": "Represents a single node in a graph", 
                    "graph_id": "243f8689-b8f6-11e6-84a5-026d961c88e6", 
                    "is_collector": false, 
                    "isrequired": false, 
                    "issearchable": true, 
                    "istopnode": false, 
                    "name": "Activity Type", 
                    "nodegroup_id": "85c6a1bb-e741-11e6-84a6-026d961c88e6", 
                    "nodeid": "85c6a1c4-e741-11e6-84a6-026d961c88e6", 
                    "ontologyclass": "http://www.cidoc-crm.org/cidoc-crm/E55_Type", 
                    "parentproperty": "http://www.cidoc-crm.org/cidoc-crm/P2_has_type"
                }, 
                {
                    "config": null, 
                    "datatype": "semantic", 
                    "description": "", 
                    "graph_id": "243f8689-b8f6-11e6-84a5-026d961c88e6", 
                    "is_collector": true, 
                    "isrequired": false, 
                    "issearchable": true, 
                    "istopnode": false, 
                    "name": "Activity Phase", 
                    "nodegroup_id": "85c6a1be-e741-11e6-84a6-026d961c88e6", 
                    "nodeid": "85c6a1be-e741-11e6-84a6-026d961c88e6", 
                    "ontologyclass": "http://www.cidoc-crm.org/cidoc-crm/E4_Period", 
                    "parentproperty": "http://www.cidoc-crm.org/cidoc-crm/P10i_contains"
                }, 
                {
                    "config": null, 
                    "datatype": "string", 
                    "description": "", 
                    "graph_id": "243f8689-b8f6-11e6-84a5-026d961c88e6", 
                    "is_collector": true, 
                    "isrequired": false, 
                    "issearchable": true, 
                    "istopnode": false, 
                    "name": "Name", 
                    "nodegroup_id": "b9e90911-e741-11e6-84a6-026d961c88e6", 
                    "nodeid": "b9e90911-e741-11e6-84a6-026d961c88e6", 
                    "ontologyclass": "http://www.cidoc-crm.org/cidoc-crm/E41_Appellation", 
                    "parentproperty": "http://www.cidoc-crm.org/cidoc-crm/P1_is_identified_by"
                }, 
                {
                    "config": {
                        "options": []
                    }, 
                    "datatype": "domain-value", 
                    "description": "Represents a single node in a graph", 
                    "graph_id": "243f8689-b8f6-11e6-84a5-026d961c88e6", 
                    "is_collector": false, 
                    "isrequired": false, 
                    "issearchable": true, 
                    "istopnode": false, 
                    "name": "External Source", 
                    "nodegroup_id": "61f1a1b9-e741-11e6-84a6-026d961c88e6", 
                    "nodeid": "61f1a1bd-e741-11e6-84a6-026d961c88e6", 
                    "ontologyclass": "http://www.cidoc-crm.org/cidoc-crm/E55_Type", 
                    "parentproperty": "http://www.cidoc-crm.org/cidoc-crm/P2_has_type"
                }, 
                {
                    "config": {
                        "rdmCollection": null
                    }, 
                    "datatype": "concept", 
                    "description": "Represents a single node in a graph", 
                    "graph_id": "243f8689-b8f6-11e6-84a5-026d961c88e6", 
                    "is_collector": false, 
                    "isrequired": false, 
                    "issearchable": true, 
                    "istopnode": false, 
                    "name": "Geometry Qualifier", 
                    "nodegroup_id": "f74db64f-e741-11e6-84a6-026d961c88e6", 
                    "nodeid": "f74db65f-e741-11e6-84a6-026d961c88e6", 
                    "ontologyclass": "http://www.cidoc-crm.org/cidoc-crm/E55_Type", 
                    "parentproperty": "http://www.cidoc-crm.org/cidoc-crm/P2_has_type"
                }, 
                {
                    "config": null, 
                    "datatype": "semantic", 
                    "description": "Represents a single node in a graph", 
                    "graph_id": "243f8689-b8f6-11e6-84a5-026d961c88e6", 
                    "is_collector": true, 
                    "isrequired": false, 
                    "issearchable": true, 
                    "istopnode": false, 
                    "name": "Place Description Assignment", 
                    "nodegroup_id": "f74db64c-e741-11e6-84a6-026d961c88e6", 
                    "nodeid": "f74db64c-e741-11e6-84a6-026d961c88e6", 
                    "ontologyclass": "http://www.cidoc-crm.org/cidoc-crm/E13_Attribute_Assignment", 
                    "parentproperty": "http://www.cidoc-crm.org/cidoc-crm/P140i_was_attributed_by"
                }, 
                {
                    "config": null, 
                    "datatype": "date", 
                    "description": "Represents a single node in a graph", 
                    "graph_id": "243f8689-b8f6-11e6-84a5-026d961c88e6", 
                    "is_collector": false, 
                    "isrequired": false, 
                    "issearchable": true, 
                    "istopnode": false, 
                    "name": "To Date", 
                    "nodegroup_id": "85c6a1bb-e741-11e6-84a6-026d961c88e6", 
                    "nodeid": "85c6a1c1-e741-11e6-84a6-026d961c88e6", 
                    "ontologyclass": "http://www.cidoc-crm.org/cidoc-crm/E49_Time_Appellation", 
                    "parentproperty": "http://www.cidoc-crm.org/cidoc-crm/P78_is_identified_by"
                }, 
                {
                    "config": {
                        "rdmCollection": null
                    }, 
                    "datatype": "concept", 
                    "description": "Represents a single node in a graph", 
                    "graph_id": "243f8689-b8f6-11e6-84a5-026d961c88e6", 
                    "is_collector": false, 
                    "isrequired": false, 
                    "issearchable": true, 
                    "istopnode": false, 
                    "name": "Address Type", 
                    "nodegroup_id": "f74db649-e741-11e6-84a6-026d961c88e6", 
                    "nodeid": "f74db65b-e741-11e6-84a6-026d961c88e6", 
                    "ontologyclass": "http://www.cidoc-crm.org/cidoc-crm/E55_Type", 
                    "parentproperty": "http://www.cidoc-crm.org/cidoc-crm/P2_has_type"
                }, 
                {
                    "config": null, 
                    "datatype": "string", 
                    "description": "Represents a single node in a graph", 
                    "graph_id": "243f8689-b8f6-11e6-84a5-026d961c88e6", 
                    "is_collector": false, 
                    "isrequired": false, 
                    "issearchable": true, 
                    "istopnode": false, 
                    "name": "Description", 
                    "nodegroup_id": "ab7463df-e741-11e6-84a6-026d961c88e6", 
                    "nodeid": "ab7463e2-e741-11e6-84a6-026d961c88e6", 
                    "ontologyclass": "http://www.cidoc-crm.org/cidoc-crm/E62_String", 
                    "parentproperty": "http://www.cidoc-crm.org/cidoc-crm/P3_has_note"
                }, 
                {
                    "config": null, 
                    "datatype": "date", 
                    "description": "Represents a single node in a graph", 
                    "graph_id": "243f8689-b8f6-11e6-84a5-026d961c88e6", 
                    "is_collector": false, 
                    "isrequired": false, 
                    "issearchable": true, 
                    "istopnode": false, 
                    "name": "From Date", 
                    "nodegroup_id": "85c6a1bb-e741-11e6-84a6-026d961c88e6", 
                    "nodeid": "85c6a1c3-e741-11e6-84a6-026d961c88e6", 
                    "ontologyclass": "http://www.cidoc-crm.org/cidoc-crm/E49_Time_Appellation", 
                    "parentproperty": "http://www.cidoc-crm.org/cidoc-crm/P78_is_identified_by"
                }, 
                {
                    "config": null, 
                    "datatype": "semantic", 
                    "description": "", 
                    "graph_id": "243f8689-b8f6-11e6-84a5-026d961c88e6", 
                    "is_collector": true, 
                    "isrequired": false, 
                    "issearchable": true, 
                    "istopnode": false, 
                    "name": "Existence Event", 
                    "nodegroup_id": "0cbaba63-e742-11e6-84a6-026d961c88e6", 
                    "nodeid": "0cbaba63-e742-11e6-84a6-026d961c88e6", 
                    "ontologyclass": "http://www.cidoc-crm.org/cidoc-crm/E5_Event", 
                    "parentproperty": "http://www.cidoc-crm.org/cidoc-crm/P114_is_equal_in_time_to"
                }, 
                {
                    "config": null, 
                    "datatype": "string", 
                    "description": "Represents a single node in a graph", 
                    "graph_id": "243f8689-b8f6-11e6-84a5-026d961c88e6", 
                    "is_collector": false, 
                    "isrequired": false, 
                    "issearchable": true, 
                    "istopnode": false, 
                    "name": "Place Description", 
                    "nodegroup_id": "f74db64c-e741-11e6-84a6-026d961c88e6", 
                    "nodeid": "f74db65e-e741-11e6-84a6-026d961c88e6", 
                    "ontologyclass": "http://www.cidoc-crm.org/cidoc-crm/E62_String", 
                    "parentproperty": "http://www.cidoc-crm.org/cidoc-crm/P3_has_note"
                }, 
                {
                    "config": null, 
                    "datatype": "date", 
                    "description": "Represents a single node in a graph", 
                    "graph_id": "243f8689-b8f6-11e6-84a5-026d961c88e6", 
                    "is_collector": false, 
                    "isrequired": false, 
                    "issearchable": true, 
                    "istopnode": false, 
                    "name": "End Date of Existence", 
                    "nodegroup_id": "0cbaba63-e742-11e6-84a6-026d961c88e6", 
                    "nodeid": "0cbaba66-e742-11e6-84a6-026d961c88e6", 
                    "ontologyclass": "http://www.cidoc-crm.org/cidoc-crm/E49_Time_Appellation", 
                    "parentproperty": "http://www.cidoc-crm.org/cidoc-crm/P78_is_identified_by"
                }
            ], 
            "ontology_id": "e6e8db47-2ccf-11e6-927e-b8f6b115d7dd", 
            "relatable_resource_model_ids": [
                "243f8689-b8f6-11e6-84a5-026d961c88e6", 
                "ccbd1537-ac5e-11e6-84a5-026d961c88e6", 
                "fad0563b-b8f8-11e6-84a5-026d961c88e6", 
                "f5624ce7-b66c-11e6-84a5-026d961c88e6", 
                "3caf329f-b8f7-11e6-84a5-026d961c88e6", 
                "99417385-b8fa-11e6-84a5-026d961c88e6", 
                "243f8689-b8f6-11e6-84a5-026d961c88e6"
            ], 
            "reports": [], 
            "resource_2_resource_constraints": [], 
            "root": {
                "config": {}, 
                "datatype": "semantic", 
                "description": "", 
                "graph_id": "243f8689-b8f6-11e6-84a5-026d961c88e6", 
                "is_collector": false, 
                "isrequired": false, 
                "issearchable": true, 
                "istopnode": true, 
                "name": "Activity", 
                "nodegroup_id": null, 
                "nodeid": "243f8688-b8f6-11e6-84a5-026d961c88e6", 
                "ontologyclass": "http://www.cidoc-crm.org/cidoc-crm/E7_Activity"
            }, 
            "subtitle": "Describes activities relating to heritage resources and heritage resource groups.", 
            "version": ""
        }
    ], 
    "metadata": {
        "db": "PostgreSQL 9.6.1 on x86_64-apple-darwin16.1.0, compiled by Apple LLVM version 8.0.0 (clang-800.0.42.1), 64-bit", 
        "git hash": "62b43e8 2018-05-09 11:17:02 -0700", 
        "os": "Darwin", 
        "os version": "17.5.0"
    }
}