{
    "graph": [
        {
            "author": " GCI", 
            "cards": [
                {
                    "active": true, 
                    "cardid": "b306196b-a77b-11e6-84a5-026d961c88e6", 
                    "description": "Phase Type Assignment for the Actor resource model.\n\nConnects to Actor E39 via P41i", 
                    "graph_id": "b3061969-a77b-11e6-84a5-026d961c88e6", 
                    "helpenabled": false, 
                    "helptext": null, 
                    "helptitle": null, 
                    "instructions": "Define one Actor Type, n cultural periods, and (optionally) one from/to date range. Additional Actor Types or date ranges requires additional entries", 
                    "name": "Actor Phase", 
                    "nodegroup_id": "b3061968-a77b-11e6-84a5-026d961c88e6", 
                    "sortorder": null, 
                    "visible": true
                }
            ], 
            "cards_x_nodes_x_widgets": [
                {
                    "card_id": "b306196b-a77b-11e6-84a5-026d961c88e6", 
                    "config": "{\"maxDate\":false,\"viewMode\":\"days\",\"dateFormat\":\"YYYY-MM-DD\",\"placeholder\":\"Enter date\",\"minDate\":false,\"label\":\"Actor Type From Date\"}", 
                    "id": "1343625c-ad23-11e6-84a5-026d961c88e6", 
                    "label": "Actor Type From Date", 
                    "node_id": "d4bee26d-a77e-11e6-84a5-026d961c88e6", 
                    "sortorder": 2, 
                    "widget_id": "10000000-0000-0000-0000-000000000004"
                }, 
                {
                    "card_id": "b306196b-a77b-11e6-84a5-026d961c88e6", 
                    "config": "{\"maxDate\":false,\"viewMode\":\"days\",\"dateFormat\":\"YYYY-MM-DD\",\"placeholder\":\"Enter date\",\"minDate\":false,\"label\":\"Actor Type To Date\"}", 
                    "id": "1343625f-ad23-11e6-84a5-026d961c88e6", 
                    "label": "Actor Type To Date", 
                    "node_id": "b721a06f-a77e-11e6-84a5-026d961c88e6", 
                    "sortorder": 3, 
                    "widget_id": "10000000-0000-0000-0000-000000000004"
                }, 
                {
                    "card_id": "b306196b-a77b-11e6-84a5-026d961c88e6", 
                    "config": "{\"placeholder\":\"Select the Actor Type\",\"options\":[{\"conceptid\":\"2c03013d-b5af-4db9-b5ac-fa3eb2fa16cd\",\"text\":\"Group\",\"id\":\"56ca4643-6248-49c8-aa97-6c4346338a8c\",\"sortorder\":\"\",\"collector\":\"\",\"children\":[{\"conceptid\":\"a285cb11-c815-4804-a059-0827d08012ec\",\"text\":\"Architecture/Design Firm or Partnership\",\"id\":\"2cbd07ae-71e1-475a-b5e9-3d6e2e4548a8\",\"sortorder\":\"\",\"collector\":\"\",\"children\":[]},{\"conceptid\":\"02102b0c-b72a-4ec6-b11d-e4c42ba51aa3\",\"text\":\"Construction Company\",\"id\":\"6d437815-fe6d-46d3-b8ca-e4e39942aa54\",\"sortorder\":\"\",\"collector\":\"\",\"children\":[]},{\"conceptid\":\"eba47baf-cd6c-4bb5-9005-1bfae897b5da\",\"text\":\"Engineering Firm\",\"id\":\"daccb449-ef40-47a7-b54f-f24ccc3ee5bb\",\"sortorder\":\"\",\"collector\":\"\",\"children\":[]},{\"conceptid\":\"b699d7b7-1f97-42db-809b-61a909f07a75\",\"text\":\"Family\",\"id\":\"18708ff4-271a-40ef-8479-c68f3d7ece8f\",\"sortorder\":\"\",\"collector\":\"\",\"children\":[]},{\"conceptid\":\"b7b68947-24cb-4fea-9301-4c7c990f28a0\",\"text\":\"Organization\",\"id\":\"5f1d777a-2600-4c11-a695-848c16104cb7\",\"sortorder\":\"\",\"collector\":\"\",\"children\":[]},{\"conceptid\":\"56abb07e-c90f-4da5-b644-114c20896d0e\",\"text\":\"Surveying Firm\",\"id\":\"e6e78a55-fccc-409d-a3f1-3eb9a72aad4d\",\"sortorder\":\"\",\"collector\":\"\",\"children\":[]}]},{\"conceptid\":\"f100b100-aa02-44e0-9fe8-6406821885ef\",\"text\":\"Individual\",\"id\":\"69dadb2a-1194-41d8-a530-d4c9e8ff34d4\",\"sortorder\":\"\",\"collector\":\"\",\"children\":[{\"conceptid\":\"5fa10338-73e1-463f-9c9b-97a636f61c16\",\"text\":\"Architect/Designer\",\"id\":\"5114cbca-1f45-4d99-b773-32b52a0b75a8\",\"sortorder\":\"\",\"collector\":\"\",\"children\":[]},{\"conceptid\":\"fa40dcbc-0ace-4894-b6d1-829ea43fa9d0\",\"text\":\"Artist \",\"id\":\"84da80e3-621a-4bac-bd71-15909f659c91\",\"sortorder\":\"\",\"collector\":\"\",\"children\":[]},{\"conceptid\":\"49ea9f09-6490-4e76-a028-7de8e007da51\",\"text\":\"Builder\",\"id\":\"bc5d8f9d-c9ab-44de-b33f-731e73b505c5\",\"sortorder\":\"\",\"collector\":\"\",\"children\":[]},{\"conceptid\":\"d22331dc-9ae5-48ee-8574-899413d9dda8\",\"text\":\"Engineer\",\"id\":\"789badb9-a059-491c-ad98-a0f5df3a17fd\",\"sortorder\":\"\",\"collector\":\"\",\"children\":[]},{\"conceptid\":\"00290805-ec65-4c04-bba9-977dbefa211e\",\"text\":\"Entertainment Professional\",\"id\":\"90b09efe-5429-4858-b472-e11da6ce57ac\",\"sortorder\":\"\",\"collector\":\"\",\"children\":[]},{\"conceptid\":\"8109e6ad-7d27-4beb-ab75-671b20dff721\",\"text\":\"Photographer\",\"id\":\"66a888bb-8058-40b1-a143-399b3fcda25e\",\"sortorder\":\"\",\"collector\":\"\",\"children\":[]},{\"conceptid\":\"1f74c5f4-c42b-41cb-a97b-2557920a1f04\",\"text\":\"Sports Professional\",\"id\":\"f2d52464-6e8a-4bed-969b-897ac3697357\",\"sortorder\":\"\",\"collector\":\"\",\"children\":[]},{\"conceptid\":\"75ed278d-df1f-44c0-bca8-bc3cb52f6c91\",\"text\":\"Surveyor\",\"id\":\"abdb83b1-8385-4ad5-a52b-93cf8d67776f\",\"sortorder\":\"\",\"collector\":\"\",\"children\":[]}]}],\"label\":\"Actor Type\"}", 
                    "id": "1343625d-ad23-11e6-84a5-026d961c88e6", 
                    "label": "Actor Type", 
                    "node_id": "f652f847-a77e-11e6-84a5-026d961c88e6", 
                    "sortorder": 0, 
                    "widget_id": "10000000-0000-0000-0000-000000000002"
                }, 
                {
                    "card_id": "b306196b-a77b-11e6-84a5-026d961c88e6", 
                    "config": "{\"placeholder\":\"Select zero or multiple Cultural Periods\",\"options\":[{\"conceptid\":\"ae6299ad-fa18-4fc5-92ab-95880248fe66\",\"text\":\"CULTURAL PERIODS - California\",\"id\":\"5d8554b5-c69c-4fbf-bd98-2835f80dcebb\",\"sortorder\":\"301\",\"collector\":\"\",\"children\":[{\"conceptid\":\"e4b33c2e-31c8-4819-89dd-0bd46f3c4e8a\",\"text\":\"Early\",\"id\":\"dbd86244-343f-4ffd-8e53-c8a9c74d130f\",\"sortorder\":\"302\",\"collector\":\"\",\"children\":[]},{\"conceptid\":\"aca5fe20-aba4-454e-a224-77b4e1379751\",\"text\":\"Milling Stone\",\"id\":\"13c21698-fa98-4ff4-a2c6-aa12b3494164\",\"sortorder\":\"303\",\"collector\":\"\",\"children\":[]},{\"conceptid\":\"c4db511f-2c60-4078-9ba0-8ebf715a3121\",\"text\":\"Intermediate\",\"id\":\"376dcdeb-09dd-43da-8ce1-ea768363fdf0\",\"sortorder\":\"304\",\"collector\":\"\",\"children\":[]},{\"conceptid\":\"e7624242-8d70-4aaf-a0a4-8601ebdb45e2\",\"text\":\"Late\",\"id\":\"4515c692-2c65-40ab-acde-156576797afb\",\"sortorder\":\"305\",\"collector\":\"\",\"children\":[]},{\"conceptid\":\"42a0c455-d3ec-49ae-8635-0bdbc3cb103a\",\"text\":\"Spanish Colonial / Mission\",\"id\":\"cbe164b4-3358-46ce-a532-3e04da2ed294\",\"sortorder\":\"306\",\"collector\":\"\",\"children\":[]},{\"conceptid\":\"834e1aad-5ec5-4a2e-807c-14098e54c7dc\",\"text\":\"Mexican\",\"id\":\"b42673bc-9223-4f8c-a286-619e39bac2cd\",\"sortorder\":\"307\",\"collector\":\"\",\"children\":[]},{\"conceptid\":\"1b277d9e-0006-4556-b05c-e6bfc0f7fdbe\",\"text\":\"American\",\"id\":\"cb08fe06-dece-4064-a65e-23a729edcc73\",\"sortorder\":\"308\",\"collector\":\"\",\"children\":[]}]}],\"label\":\"Cultural Period(s)\"}", 
                    "id": "1343625e-ad23-11e6-84a5-026d961c88e6", 
                    "label": "Cultural Period(s)", 
                    "node_id": "6341ed8d-a77e-11e6-84a5-026d961c88e6", 
                    "sortorder": 1, 
                    "widget_id": "10000000-0000-0000-0000-000000000002"
                }
            ], 
            "deploymentdate": null, 
            "deploymentfile": null, 
            "description": "Phase Type Assignment for the Actor resource model.\n\nConnects to Actor E39 via P41i", 
            "edges": [
                {
                    "description": null, 
                    "domainnode_id": "b3061968-a77b-11e6-84a5-026d961c88e6", 
                    "edgeid": "f652f848-a77e-11e6-84a5-026d961c88e6", 
                    "graph_id": "b3061969-a77b-11e6-84a5-026d961c88e6", 
                    "name": null, 
                    "ontologyproperty": "http://www.cidoc-crm.org/cidoc-crm/P42_assigned", 
                    "rangenode_id": "f652f847-a77e-11e6-84a5-026d961c88e6"
                }, 
                {
                    "description": null, 
                    "domainnode_id": "86f7aa6f-a77e-11e6-84a5-026d961c88e6", 
                    "edgeid": "b721a070-a77e-11e6-84a5-026d961c88e6", 
                    "graph_id": "b3061969-a77b-11e6-84a5-026d961c88e6", 
                    "name": null, 
                    "ontologyproperty": "http://www.cidoc-crm.org/cidoc-crm/P78_is_identified_by", 
                    "rangenode_id": "b721a06f-a77e-11e6-84a5-026d961c88e6"
                }, 
                {
                    "description": null, 
                    "domainnode_id": "b3061968-a77b-11e6-84a5-026d961c88e6", 
                    "edgeid": "6341ed8e-a77e-11e6-84a5-026d961c88e6", 
                    "graph_id": "b3061969-a77b-11e6-84a5-026d961c88e6", 
                    "name": null, 
                    "ontologyproperty": "http://www.cidoc-crm.org/cidoc-crm/P42_assigned", 
                    "rangenode_id": "6341ed8d-a77e-11e6-84a5-026d961c88e6"
                }, 
                {
                    "description": null, 
                    "domainnode_id": "b3061968-a77b-11e6-84a5-026d961c88e6", 
                    "edgeid": "86f7aa70-a77e-11e6-84a5-026d961c88e6", 
                    "graph_id": "b3061969-a77b-11e6-84a5-026d961c88e6", 
                    "name": null, 
                    "ontologyproperty": "http://www.cidoc-crm.org/cidoc-crm/P4_has_time-span", 
                    "rangenode_id": "86f7aa6f-a77e-11e6-84a5-026d961c88e6"
                }, 
                {
                    "description": null, 
                    "domainnode_id": "86f7aa6f-a77e-11e6-84a5-026d961c88e6", 
                    "edgeid": "d4bee26e-a77e-11e6-84a5-026d961c88e6", 
                    "graph_id": "b3061969-a77b-11e6-84a5-026d961c88e6", 
                    "name": null, 
                    "ontologyproperty": "http://www.cidoc-crm.org/cidoc-crm/P78_is_identified_by", 
                    "rangenode_id": "d4bee26d-a77e-11e6-84a5-026d961c88e6"
                }
            ], 
            "forms": [], 
            "forms_x_cards": [], 
            "functions": [], 
            "graphid": "b3061969-a77b-11e6-84a5-026d961c88e6", 
            "iconclass": "", 
            "isactive": true, 
            "isresource": false, 
            "mapfeaturecolor": "#FF0000", 
            "maplinewidth": 1, 
            "mappointsize": 3, 
            "name": "Actor Phase", 
            "nodegroups": [
                {
                    "cardinality": "n", 
                    "legacygroupid": null, 
                    "nodegroupid": "b3061968-a77b-11e6-84a5-026d961c88e6", 
                    "parentnodegroup_id": null
                }
            ], 
            "nodes": [
                {
                    "config": null, 
                    "datatype": "semantic", 
                    "description": "", 
                    "graph_id": "b3061969-a77b-11e6-84a5-026d961c88e6", 
                    "is_collector": true, 
                    "istopnode": true, 
                    "name": "Actor Type Phase Assignment", 
                    "nodegroup_id": "b3061968-a77b-11e6-84a5-026d961c88e6", 
                    "nodeid": "b3061968-a77b-11e6-84a5-026d961c88e6", 
                    "ontologyclass": "http://www.cidoc-crm.org/cidoc-crm/E17_Type_Assignment", 
                    "parentproperty": ""
                }, 
                {
                    "config": null, 
                    "datatype": "date", 
                    "description": "Represents a single node in a graph", 
                    "graph_id": "b3061969-a77b-11e6-84a5-026d961c88e6", 
                    "is_collector": false, 
                    "istopnode": false, 
                    "name": "Actor Type From Date", 
                    "nodegroup_id": "b3061968-a77b-11e6-84a5-026d961c88e6", 
                    "nodeid": "d4bee26d-a77e-11e6-84a5-026d961c88e6", 
                    "ontologyclass": "http://www.cidoc-crm.org/cidoc-crm/E49_Time_Appellation", 
                    "parentproperty": "http://www.cidoc-crm.org/cidoc-crm/P78_is_identified_by"
                }, 
                {
                    "config": {
                        "rdmCollection": "5dd9d81d-6501-4d3f-89f2-ebb0038d2df5"
                    }, 
                    "datatype": "concept", 
                    "description": "Represents a single node in a graph", 
                    "graph_id": "b3061969-a77b-11e6-84a5-026d961c88e6", 
                    "is_collector": false, 
                    "istopnode": false, 
                    "name": "Cultural Period", 
                    "nodegroup_id": "b3061968-a77b-11e6-84a5-026d961c88e6", 
                    "nodeid": "6341ed8d-a77e-11e6-84a5-026d961c88e6", 
                    "ontologyclass": "http://www.cidoc-crm.org/cidoc-crm/E55_Type", 
                    "parentproperty": "http://www.cidoc-crm.org/cidoc-crm/P42_assigned"
                }, 
                {
                    "config": null, 
                    "datatype": "semantic", 
                    "description": "Represents a single node in a graph", 
                    "graph_id": "b3061969-a77b-11e6-84a5-026d961c88e6", 
                    "is_collector": false, 
                    "istopnode": false, 
                    "name": "Actor Type Time Span", 
                    "nodegroup_id": "b3061968-a77b-11e6-84a5-026d961c88e6", 
                    "nodeid": "86f7aa6f-a77e-11e6-84a5-026d961c88e6", 
                    "ontologyclass": "http://www.cidoc-crm.org/cidoc-crm/E52_Time-Span", 
                    "parentproperty": "http://www.cidoc-crm.org/cidoc-crm/P4_has_time-span"
                }, 
                {
                    "config": null, 
                    "datatype": "date", 
                    "description": "Represents a single node in a graph", 
                    "graph_id": "b3061969-a77b-11e6-84a5-026d961c88e6", 
                    "is_collector": false, 
                    "istopnode": false, 
                    "name": "Actor Type To Date", 
                    "nodegroup_id": "b3061968-a77b-11e6-84a5-026d961c88e6", 
                    "nodeid": "b721a06f-a77e-11e6-84a5-026d961c88e6", 
                    "ontologyclass": "http://www.cidoc-crm.org/cidoc-crm/E49_Time_Appellation", 
                    "parentproperty": "http://www.cidoc-crm.org/cidoc-crm/P78_is_identified_by"
                }, 
                {
                    "config": {
                        "rdmCollection": null
                    }, 
                    "datatype": "concept", 
                    "description": "Represents a single node in a graph", 
                    "graph_id": "b3061969-a77b-11e6-84a5-026d961c88e6", 
                    "is_collector": false, 
                    "istopnode": false, 
                    "name": "Actor Type", 
                    "nodegroup_id": "b3061968-a77b-11e6-84a5-026d961c88e6", 
                    "nodeid": "f652f847-a77e-11e6-84a5-026d961c88e6", 
                    "ontologyclass": "http://www.cidoc-crm.org/cidoc-crm/E55_Type", 
                    "parentproperty": "http://www.cidoc-crm.org/cidoc-crm/P42_assigned"
                }
            ], 
            "ontology_id": "e6e8db47-2ccf-11e6-927e-b8f6b115d7dd", 
            "reports": [], 
            "root": {
                "config": null, 
                "datatype": "semantic", 
                "description": "", 
                "graph_id": "b3061969-a77b-11e6-84a5-026d961c88e6", 
                "is_collector": true, 
                "istopnode": true, 
                "name": "Actor Type Phase Assignment", 
                "nodegroup_id": "b3061968-a77b-11e6-84a5-026d961c88e6", 
                "nodeid": "b3061968-a77b-11e6-84a5-026d961c88e6", 
                "ontologyclass": "http://www.cidoc-crm.org/cidoc-crm/E17_Type_Assignment", 
                "parentproperty": ""
            }, 
            "subtitle": "Describes time span and type for the Actor resource model", 
            "version": ""
        }
    ], 
    "metadata": {
        "db": "PostgreSQL 9.6.0 on x86_64-pc-linux-gnu, compiled by gcc (Ubuntu 5.3.1-14ubuntu2) 5.3.1 20160413, 64-bit", 
        "git hash": "ff93bd9 2017-01-24 10:17:51 -0800", 
        "os": "Linux", 
        "os version": "4.4.0-45-generic"
    }
}