{
    "graph": [
        {
            "author": " GCI", 
            "cards": [
                {
                    "active": true, 
                    "cardid": "8eb9434b-97c5-11e6-84a5-026d961c88e6", 
                    "description": "Used to hold identifiers necessary to link a given resource to records in an external (perhaps legacy) system.", 
                    "graph_id": "8eb94349-97c5-11e6-84a5-026d961c88e6", 
                    "helpenabled": false, 
                    "helptext": null, 
                    "helptitle": null, 
                    "instructions": "Enter information for identifiers of the resource from other external sources.", 
                    "name": "External Identifier", 
                    "nodegroup_id": "8eb94348-97c5-11e6-84a5-026d961c88e6", 
                    "sortorder": null, 
                    "visible": true
                }
            ], 
            "cards_x_nodes_x_widgets": [
                {
                    "card_id": "8eb9434b-97c5-11e6-84a5-026d961c88e6", 
                    "config": "{\"width\":\"100%\",\"placeholder\":\"Enter indentifier\",\"label\":\"External Identifier\"}", 
                    "id": "d98031e8-ad23-11e6-84a5-026d961c88e6", 
                    "label": "External Identifier", 
                    "node_id": "8eb94348-97c5-11e6-84a5-026d961c88e6", 
                    "sortorder": 0, 
                    "widget_id": "10000000-0000-0000-0000-000000000001"
                }, 
                {
                    "card_id": "8eb9434b-97c5-11e6-84a5-026d961c88e6", 
                    "config": "{\"placeholder\":\"Select the source of the indentifier\",\"options\":[],\"label\":\"Source of Identifier\"}", 
                    "id": "d98031e9-ad23-11e6-84a5-026d961c88e6", 
                    "label": "Source of Identifier", 
                    "node_id": "a3411947-a083-11e6-84a5-026d961c88e6", 
                    "sortorder": 2, 
                    "widget_id": "10000000-0000-0000-0000-000000000015"
                }, 
                {
                    "card_id": "8eb9434b-97c5-11e6-84a5-026d961c88e6", 
                    "config": "{\"placeholder\":\"Select the type of identifier\",\"options\":[{\"conceptid\":\"21ab0b62-809b-47da-a48c-ab1cd13f0db2\",\"text\":\"ARK\",\"id\":\"d796303e-5075-4a57-ad9c-226775cf1f4f\",\"sortorder\":\"\",\"collector\":\"\",\"children\":[]},{\"conceptid\":\"72d3b085-2d10-4f9e-8697-20744299bacf\",\"text\":\"DOI\",\"id\":\"61bc441a-dad2-4cdb-9c9b-f0112c352731\",\"sortorder\":\"\",\"collector\":\"\",\"children\":[]},{\"conceptid\":\"818b9221-78f2-4c25-84cf-686c21eff8e3\",\"text\":\"HANDLE\",\"id\":\"24bcc5d3-ba51-42bd-a9c6-44d5bd6ed681\",\"sortorder\":\"\",\"collector\":\"\",\"children\":[]},{\"conceptid\":\"7ca60d3f-6f3c-4d19-8914-e5800fb805ca\",\"text\":\"ISBN\",\"id\":\"5c340034-fa93-4131-ade8-f670da714bad\",\"sortorder\":\"\",\"collector\":\"\",\"children\":[]},{\"conceptid\":\"01251c2a-8e5a-49e5-a389-20b4637c4c76\",\"text\":\"ISSN\",\"id\":\"c8d1e199-ccfc-4882-b551-8d85c37c04e6\",\"sortorder\":\"\",\"collector\":\"\",\"children\":[]},{\"conceptid\":\"67b17fc8-d205-471b-bdf5-a361f032e545\",\"text\":\"POI\",\"id\":\"77569746-6bf0-4c73-949d-496115fc9cea\",\"sortorder\":\"\",\"collector\":\"\",\"children\":[]},{\"conceptid\":\"02c09240-a9a3-4cd5-98cd-c2fbafc9173b\",\"text\":\"PURL\",\"id\":\"fb795aad-a09c-4fd0-87ce-3012c2f3d631\",\"sortorder\":\"\",\"collector\":\"\",\"children\":[]},{\"conceptid\":\"0a4ce957-d837-4595-8320-8d142af864ab\",\"text\":\"SICI\",\"id\":\"acab77ad-dbee-4448-8ce9-8e7dd2ec1651\",\"sortorder\":\"\",\"collector\":\"\",\"children\":[]},{\"conceptid\":\"eaa19556-fcfa-40c8-9696-0d89804ad895\",\"text\":\"URI\",\"id\":\"f39679be-899b-4472-9484-df377e43d776\",\"sortorder\":\"\",\"collector\":\"\",\"children\":[]},{\"conceptid\":\"d8f00076-3b8e-4984-8ab9-152cc21ebc40\",\"text\":\"URL\",\"id\":\"763105f1-757f-431b-90ff-a0511d2ba900\",\"sortorder\":\"\",\"collector\":\"\",\"children\":[]},{\"conceptid\":\"ec9e80e3-ae93-4aed-97a6-f61b0f93da43\",\"text\":\"URN\",\"id\":\"b411a4a6-1db0-4745-a67a-e74cf586193e\",\"sortorder\":\"\",\"collector\":\"\",\"children\":[]}],\"label\":\"Type of Identifier\"}", 
                    "id": "d98031ea-ad23-11e6-84a5-026d961c88e6", 
                    "label": "Type of Identifier", 
                    "node_id": "8179a5e7-97c6-11e6-84a5-026d961c88e6", 
                    "sortorder": 1, 
                    "widget_id": "10000000-0000-0000-0000-000000000009"
                }
            ], 
            "deploymentdate": null, 
            "deploymentfile": null, 
            "description": "Used to hold identifiers necessary to link a given resource to records in an external (perhaps legacy) system.", 
            "edges": [
                {
                    "description": null, 
                    "domainnode_id": "8eb94348-97c5-11e6-84a5-026d961c88e6", 
                    "edgeid": "8179a5e8-97c6-11e6-84a5-026d961c88e6", 
                    "graph_id": "8eb94349-97c5-11e6-84a5-026d961c88e6", 
                    "name": null, 
                    "ontologyproperty": "http://www.cidoc-crm.org/cidoc-crm/P2_has_type", 
                    "rangenode_id": "8179a5e7-97c6-11e6-84a5-026d961c88e6"
                }, 
                {
                    "description": null, 
                    "domainnode_id": "8eb94348-97c5-11e6-84a5-026d961c88e6", 
                    "edgeid": "a3411948-a083-11e6-84a5-026d961c88e6", 
                    "graph_id": "8eb94349-97c5-11e6-84a5-026d961c88e6", 
                    "name": null, 
                    "ontologyproperty": "http://www.cidoc-crm.org/cidoc-crm/P2_has_type", 
                    "rangenode_id": "a3411947-a083-11e6-84a5-026d961c88e6"
                }
            ], 
            "forms": [], 
            "forms_x_cards": [], 
            "functions": [], 
            "graphid": "8eb94349-97c5-11e6-84a5-026d961c88e6", 
            "iconclass": "fa fa-info", 
            "isactive": true, 
            "isresource": false, 
            "mapfeaturecolor": "rgba(255,0.0,0.0,1.0)", 
            "maplinewidth": 1, 
            "mappointsize": 4, 
            "name": "External Identifier", 
            "nodegroups": [
                {
                    "cardinality": "n", 
                    "legacygroupid": null, 
                    "nodegroupid": "8eb94348-97c5-11e6-84a5-026d961c88e6", 
                    "parentnodegroup_id": null
                }
            ], 
            "nodes": [
                {
                    "config": {
                        "options": []
                    }, 
                    "datatype": "domain-value", 
                    "description": "Represents a single node in a graph", 
                    "graph_id": "8eb94349-97c5-11e6-84a5-026d961c88e6", 
                    "is_collector": false, 
                    "istopnode": false, 
                    "name": "External Source", 
                    "nodegroup_id": "8eb94348-97c5-11e6-84a5-026d961c88e6", 
                    "nodeid": "a3411947-a083-11e6-84a5-026d961c88e6", 
                    "ontologyclass": "http://www.cidoc-crm.org/cidoc-crm/E55_Type", 
                    "parentproperty": "http://www.cidoc-crm.org/cidoc-crm/P2_has_type"
                }, 
                {
                    "config": null, 
                    "datatype": "string", 
                    "description": "", 
                    "graph_id": "8eb94349-97c5-11e6-84a5-026d961c88e6", 
                    "is_collector": true, 
                    "istopnode": true, 
                    "name": "External XRef", 
                    "nodegroup_id": "8eb94348-97c5-11e6-84a5-026d961c88e6", 
                    "nodeid": "8eb94348-97c5-11e6-84a5-026d961c88e6", 
                    "ontologyclass": "http://www.cidoc-crm.org/cidoc-crm/E42_Identifier", 
                    "parentproperty": ""
                }, 
                {
                    "config": {
                        "rdmCollection": "a4bfeafb-7a04-43fd-b812-331105ce78b3"
                    }, 
                    "datatype": "concept", 
                    "description": "Represents a single node in a graph", 
                    "graph_id": "8eb94349-97c5-11e6-84a5-026d961c88e6", 
                    "is_collector": false, 
                    "istopnode": false, 
                    "name": "External Identifier Type", 
                    "nodegroup_id": "8eb94348-97c5-11e6-84a5-026d961c88e6", 
                    "nodeid": "8179a5e7-97c6-11e6-84a5-026d961c88e6", 
                    "ontologyclass": "http://www.cidoc-crm.org/cidoc-crm/E55_Type", 
                    "parentproperty": "http://www.cidoc-crm.org/cidoc-crm/P2_has_type"
                }
            ], 
            "ontology_id": "e6e8db47-2ccf-11e6-927e-b8f6b115d7dd", 
            "reports": [], 
            "root": {
                "config": null, 
                "datatype": "string", 
                "description": "", 
                "graph_id": "8eb94349-97c5-11e6-84a5-026d961c88e6", 
                "is_collector": true, 
                "istopnode": true, 
                "name": "External XRef", 
                "nodegroup_id": "8eb94348-97c5-11e6-84a5-026d961c88e6", 
                "nodeid": "8eb94348-97c5-11e6-84a5-026d961c88e6", 
                "ontologyclass": "http://www.cidoc-crm.org/cidoc-crm/E42_Identifier", 
                "parentproperty": ""
            }, 
            "subtitle": "Used to hold identifiers necessary to link a given resource to records in an external system", 
            "version": ""
        }
    ], 
    "metadata": {
        "db": "PostgreSQL 9.6.0 on x86_64-pc-linux-gnu, compiled by gcc (Ubuntu 5.3.1-14ubuntu2) 5.3.1 20160413, 64-bit", 
        "git hash": "ff93bd9 2017-01-24 10:17:51 -0800", 
        "os": "Linux", 
        "os version": "4.4.0-45-generic"
    }
}