{
    "graph": [
        {
            "author": " GCI", 
            "cards": [
                {
                    "active": true, 
                    "cardid": "579408f5-a06d-11e6-84a5-026d961c88e6", 
                    "description": "", 
                    "graph_id": "2926c069-a06d-11e6-84a5-026d961c88e6", 
                    "helpenabled": false, 
                    "helptext": null, 
                    "helptitle": null, 
                    "instructions": "This card ties together a Style and Use Type with timeframe based on cultural period or actual dates.  For a separate combination Style and Use Type, create a separate entry.", 
                    "name": "Style", 
                    "nodegroup_id": "579408f3-a06d-11e6-84a5-026d961c88e6", 
                    "sortorder": 1, 
                    "visible": true
                }, 
                {
                    "active": true, 
                    "cardid": "4ec85b4f-a06d-11e6-84a5-026d961c88e6", 
                    "description": "", 
                    "graph_id": "2926c069-a06d-11e6-84a5-026d961c88e6", 
                    "helpenabled": false, 
                    "helptext": null, 
                    "helptitle": null, 
                    "instructions": "This card ties together a Related/Acillary Features and Use Type with timeframe based on cultural period or actual dates.  For a separate combination Related/Ancillary Features and Use Type, create a separate entry.", 
                    "name": "Related/Ancillary Feature", 
                    "nodegroup_id": "4ec85b4d-a06d-11e6-84a5-026d961c88e6", 
                    "sortorder": 2, 
                    "visible": true
                }, 
                {
                    "active": true, 
                    "cardid": "2926c06b-a06d-11e6-84a5-026d961c88e6", 
                    "description": "Phase Type Assignments for Heritage Resource E18.\n\nConnects via P92i", 
                    "graph_id": "2926c069-a06d-11e6-84a5-026d961c88e6", 
                    "helpenabled": false, 
                    "helptext": null, 
                    "helptitle": null, 
                    "instructions": null, 
                    "name": "Heritage Resource Phase Type", 
                    "nodegroup_id": "2926c068-a06d-11e6-84a5-026d961c88e6", 
                    "sortorder": null, 
                    "visible": true
                }, 
                {
                    "active": true, 
                    "cardid": "5da2396f-a06d-11e6-84a5-026d961c88e6", 
                    "description": "", 
                    "graph_id": "2926c069-a06d-11e6-84a5-026d961c88e6", 
                    "helpenabled": false, 
                    "helptext": null, 
                    "helptitle": null, 
                    "instructions": "This card ties together a Resource Type and Use Type with timeframe based on cultural period or actual dates.  For a separate combination Style and Use Type, create a separate entry.", 
                    "name": "Heritage Resource Type", 
                    "nodegroup_id": "5da2396d-a06d-11e6-84a5-026d961c88e6", 
                    "sortorder": 0, 
                    "visible": true
                }
            ], 
            "cards_x_nodes_x_widgets": [], 
            "deploymentdate": null, 
            "deploymentfile": null, 
            "description": "Phase Type Assignments for Heritage Resource E18.\n\nConnects via P92i", 
            "edges": [
                {
                    "description": null, 
                    "domainnode_id": "2926c068-a06d-11e6-84a5-026d961c88e6", 
                    "edgeid": "57940902-a06d-11e6-84a5-026d961c88e6", 
                    "graph_id": "2926c069-a06d-11e6-84a5-026d961c88e6", 
                    "name": null, 
                    "ontologyproperty": "http://www.cidoc-crm.org/cidoc-crm/P41i_was_classified_by", 
                    "rangenode_id": "579408f3-a06d-11e6-84a5-026d961c88e6"
                }, 
                {
                    "description": null, 
                    "domainnode_id": "5da23971-a06d-11e6-84a5-026d961c88e6", 
                    "edgeid": "5da2397b-a06d-11e6-84a5-026d961c88e6", 
                    "graph_id": "2926c069-a06d-11e6-84a5-026d961c88e6", 
                    "name": null, 
                    "ontologyproperty": "http://www.cidoc-crm.org/cidoc-crm/P78_is_identified_by", 
                    "rangenode_id": "5da23972-a06d-11e6-84a5-026d961c88e6"
                }, 
                {
                    "description": null, 
                    "domainnode_id": "4ec85b4d-a06d-11e6-84a5-026d961c88e6", 
                    "edgeid": "4ec85b58-a06d-11e6-84a5-026d961c88e6", 
                    "graph_id": "2926c069-a06d-11e6-84a5-026d961c88e6", 
                    "name": null, 
                    "ontologyproperty": "http://www.cidoc-crm.org/cidoc-crm/P4_has_time-span", 
                    "rangenode_id": "4ec85b52-a06d-11e6-84a5-026d961c88e6"
                }, 
                {
                    "description": null, 
                    "domainnode_id": "5da23971-a06d-11e6-84a5-026d961c88e6", 
                    "edgeid": "5da23977-a06d-11e6-84a5-026d961c88e6", 
                    "graph_id": "2926c069-a06d-11e6-84a5-026d961c88e6", 
                    "name": null, 
                    "ontologyproperty": "http://www.cidoc-crm.org/cidoc-crm/P78_is_identified_by", 
                    "rangenode_id": "5da23975-a06d-11e6-84a5-026d961c88e6"
                }, 
                {
                    "description": null, 
                    "domainnode_id": "2926c068-a06d-11e6-84a5-026d961c88e6", 
                    "edgeid": "5da2397c-a06d-11e6-84a5-026d961c88e6", 
                    "graph_id": "2926c069-a06d-11e6-84a5-026d961c88e6", 
                    "name": null, 
                    "ontologyproperty": "http://www.cidoc-crm.org/cidoc-crm/P41i_was_classified_by", 
                    "rangenode_id": "5da2396d-a06d-11e6-84a5-026d961c88e6"
                }, 
                {
                    "description": null, 
                    "domainnode_id": "5da2396d-a06d-11e6-84a5-026d961c88e6", 
                    "edgeid": "5da23978-a06d-11e6-84a5-026d961c88e6", 
                    "graph_id": "2926c069-a06d-11e6-84a5-026d961c88e6", 
                    "name": null, 
                    "ontologyproperty": "http://www.cidoc-crm.org/cidoc-crm/P2_has_type", 
                    "rangenode_id": "5da23973-a06d-11e6-84a5-026d961c88e6"
                }, 
                {
                    "description": null, 
                    "domainnode_id": "579408f3-a06d-11e6-84a5-026d961c88e6", 
                    "edgeid": "579408fc-a06d-11e6-84a5-026d961c88e6", 
                    "graph_id": "2926c069-a06d-11e6-84a5-026d961c88e6", 
                    "name": null, 
                    "ontologyproperty": "http://www.cidoc-crm.org/cidoc-crm/P2_has_type", 
                    "rangenode_id": "579408f8-a06d-11e6-84a5-026d961c88e6"
                }, 
                {
                    "description": null, 
                    "domainnode_id": "4ec85b52-a06d-11e6-84a5-026d961c88e6", 
                    "edgeid": "4ec85b56-a06d-11e6-84a5-026d961c88e6", 
                    "graph_id": "2926c069-a06d-11e6-84a5-026d961c88e6", 
                    "name": null, 
                    "ontologyproperty": "http://www.cidoc-crm.org/cidoc-crm/P78_is_identified_by", 
                    "rangenode_id": "4ec85b54-a06d-11e6-84a5-026d961c88e6"
                }, 
                {
                    "description": null, 
                    "domainnode_id": "579408f6-a06d-11e6-84a5-026d961c88e6", 
                    "edgeid": "57940901-a06d-11e6-84a5-026d961c88e6", 
                    "graph_id": "2926c069-a06d-11e6-84a5-026d961c88e6", 
                    "name": null, 
                    "ontologyproperty": "http://www.cidoc-crm.org/cidoc-crm/P78_is_identified_by", 
                    "rangenode_id": "579408fb-a06d-11e6-84a5-026d961c88e6"
                }, 
                {
                    "description": null, 
                    "domainnode_id": "4ec85b4d-a06d-11e6-84a5-026d961c88e6", 
                    "edgeid": "4ec85b59-a06d-11e6-84a5-026d961c88e6", 
                    "graph_id": "2926c069-a06d-11e6-84a5-026d961c88e6", 
                    "name": null, 
                    "ontologyproperty": "http://www.cidoc-crm.org/cidoc-crm/P42_assigned", 
                    "rangenode_id": "4ec85b53-a06d-11e6-84a5-026d961c88e6"
                }, 
                {
                    "description": null, 
                    "domainnode_id": "5da2396d-a06d-11e6-84a5-026d961c88e6", 
                    "edgeid": "5da23976-a06d-11e6-84a5-026d961c88e6", 
                    "graph_id": "2926c069-a06d-11e6-84a5-026d961c88e6", 
                    "name": null, 
                    "ontologyproperty": "http://www.cidoc-crm.org/cidoc-crm/P42_assigned", 
                    "rangenode_id": "5da23970-a06d-11e6-84a5-026d961c88e6"
                }, 
                {
                    "description": null, 
                    "domainnode_id": "5da2396d-a06d-11e6-84a5-026d961c88e6", 
                    "edgeid": "5da2397a-a06d-11e6-84a5-026d961c88e6", 
                    "graph_id": "2926c069-a06d-11e6-84a5-026d961c88e6", 
                    "name": null, 
                    "ontologyproperty": "http://www.cidoc-crm.org/cidoc-crm/P4_has_time-span", 
                    "rangenode_id": "5da23971-a06d-11e6-84a5-026d961c88e6"
                }, 
                {
                    "description": null, 
                    "domainnode_id": "579408f3-a06d-11e6-84a5-026d961c88e6", 
                    "edgeid": "579408ff-a06d-11e6-84a5-026d961c88e6", 
                    "graph_id": "2926c069-a06d-11e6-84a5-026d961c88e6", 
                    "name": null, 
                    "ontologyproperty": "http://www.cidoc-crm.org/cidoc-crm/P42_assigned", 
                    "rangenode_id": "579408f9-a06d-11e6-84a5-026d961c88e6"
                }, 
                {
                    "description": null, 
                    "domainnode_id": "4ec85b52-a06d-11e6-84a5-026d961c88e6", 
                    "edgeid": "4ec85b57-a06d-11e6-84a5-026d961c88e6", 
                    "graph_id": "2926c069-a06d-11e6-84a5-026d961c88e6", 
                    "name": null, 
                    "ontologyproperty": "http://www.cidoc-crm.org/cidoc-crm/P78_is_identified_by", 
                    "rangenode_id": "4ec85b50-a06d-11e6-84a5-026d961c88e6"
                }, 
                {
                    "description": null, 
                    "domainnode_id": "579408f6-a06d-11e6-84a5-026d961c88e6", 
                    "edgeid": "579408fd-a06d-11e6-84a5-026d961c88e6", 
                    "graph_id": "2926c069-a06d-11e6-84a5-026d961c88e6", 
                    "name": null, 
                    "ontologyproperty": "http://www.cidoc-crm.org/cidoc-crm/P78_is_identified_by", 
                    "rangenode_id": "579408f7-a06d-11e6-84a5-026d961c88e6"
                }, 
                {
                    "description": null, 
                    "domainnode_id": "579408f3-a06d-11e6-84a5-026d961c88e6", 
                    "edgeid": "57940900-a06d-11e6-84a5-026d961c88e6", 
                    "graph_id": "2926c069-a06d-11e6-84a5-026d961c88e6", 
                    "name": null, 
                    "ontologyproperty": "http://www.cidoc-crm.org/cidoc-crm/P42_assigned", 
                    "rangenode_id": "579408fa-a06d-11e6-84a5-026d961c88e6"
                }, 
                {
                    "description": null, 
                    "domainnode_id": "579408f3-a06d-11e6-84a5-026d961c88e6", 
                    "edgeid": "579408fe-a06d-11e6-84a5-026d961c88e6", 
                    "graph_id": "2926c069-a06d-11e6-84a5-026d961c88e6", 
                    "name": null, 
                    "ontologyproperty": "http://www.cidoc-crm.org/cidoc-crm/P4_has_time-span", 
                    "rangenode_id": "579408f6-a06d-11e6-84a5-026d961c88e6"
                }, 
                {
                    "description": null, 
                    "domainnode_id": "5da2396d-a06d-11e6-84a5-026d961c88e6", 
                    "edgeid": "5da23979-a06d-11e6-84a5-026d961c88e6", 
                    "graph_id": "2926c069-a06d-11e6-84a5-026d961c88e6", 
                    "name": null, 
                    "ontologyproperty": "http://www.cidoc-crm.org/cidoc-crm/P42_assigned", 
                    "rangenode_id": "5da23974-a06d-11e6-84a5-026d961c88e6"
                }, 
                {
                    "description": null, 
                    "domainnode_id": "4ec85b4d-a06d-11e6-84a5-026d961c88e6", 
                    "edgeid": "4ec85b5b-a06d-11e6-84a5-026d961c88e6", 
                    "graph_id": "2926c069-a06d-11e6-84a5-026d961c88e6", 
                    "name": null, 
                    "ontologyproperty": "http://www.cidoc-crm.org/cidoc-crm/P42_assigned", 
                    "rangenode_id": "4ec85b55-a06d-11e6-84a5-026d961c88e6"
                }, 
                {
                    "description": null, 
                    "domainnode_id": "2926c068-a06d-11e6-84a5-026d961c88e6", 
                    "edgeid": "4ec85b5c-a06d-11e6-84a5-026d961c88e6", 
                    "graph_id": "2926c069-a06d-11e6-84a5-026d961c88e6", 
                    "name": null, 
                    "ontologyproperty": "http://www.cidoc-crm.org/cidoc-crm/P41i_was_classified_by", 
                    "rangenode_id": "4ec85b4d-a06d-11e6-84a5-026d961c88e6"
                }, 
                {
                    "description": null, 
                    "domainnode_id": "4ec85b4d-a06d-11e6-84a5-026d961c88e6", 
                    "edgeid": "4ec85b5a-a06d-11e6-84a5-026d961c88e6", 
                    "graph_id": "2926c069-a06d-11e6-84a5-026d961c88e6", 
                    "name": null, 
                    "ontologyproperty": "http://www.cidoc-crm.org/cidoc-crm/P42_assigned", 
                    "rangenode_id": "4ec85b51-a06d-11e6-84a5-026d961c88e6"
                }
            ], 
            "forms": [], 
            "forms_x_cards": [], 
            "functions": [], 
            "graphid": "2926c069-a06d-11e6-84a5-026d961c88e6", 
            "iconclass": "", 
            "isactive": true, 
            "isresource": false, 
            "mapfeaturecolor": "#FF0000", 
            "maplinewidth": 1, 
            "mappointsize": 3, 
            "name": "Heritage Resource Phase Type", 
            "nodegroups": [
                {
                    "cardinality": "1", 
                    "legacygroupid": null, 
                    "nodegroupid": "2926c068-a06d-11e6-84a5-026d961c88e6", 
                    "parentnodegroup_id": null
                }, 
                {
                    "cardinality": "n", 
                    "legacygroupid": null, 
                    "nodegroupid": "579408f3-a06d-11e6-84a5-026d961c88e6", 
                    "parentnodegroup_id": "2926c068-a06d-11e6-84a5-026d961c88e6"
                }, 
                {
                    "cardinality": "n", 
                    "legacygroupid": null, 
                    "nodegroupid": "4ec85b4d-a06d-11e6-84a5-026d961c88e6", 
                    "parentnodegroup_id": "2926c068-a06d-11e6-84a5-026d961c88e6"
                }, 
                {
                    "cardinality": "n", 
                    "legacygroupid": null, 
                    "nodegroupid": "5da2396d-a06d-11e6-84a5-026d961c88e6", 
                    "parentnodegroup_id": "2926c068-a06d-11e6-84a5-026d961c88e6"
                }
            ], 
            "nodes": [
                {
                    "config": null, 
                    "datatype": "semantic", 
                    "description": "", 
                    "graph_id": "2926c069-a06d-11e6-84a5-026d961c88e6", 
                    "is_collector": true, 
                    "istopnode": false, 
                    "name": "Heritage Resource Phase Type Assignment", 
                    "nodegroup_id": "5da2396d-a06d-11e6-84a5-026d961c88e6", 
                    "nodeid": "5da2396d-a06d-11e6-84a5-026d961c88e6", 
                    "ontologyclass": "http://www.cidoc-crm.org/cidoc-crm/E17_Type_Assignment", 
                    "parentproperty": "http://www.cidoc-crm.org/cidoc-crm/P41i_was_classified_by"
                }, 
                {
                    "config": null, 
                    "datatype": "date", 
                    "description": "Represents a single node in a graph", 
                    "graph_id": "2926c069-a06d-11e6-84a5-026d961c88e6", 
                    "is_collector": false, 
                    "istopnode": false, 
                    "name": "Heritage Resource Type To Date", 
                    "nodegroup_id": "5da2396d-a06d-11e6-84a5-026d961c88e6", 
                    "nodeid": "5da23972-a06d-11e6-84a5-026d961c88e6", 
                    "ontologyclass": "http://www.cidoc-crm.org/cidoc-crm/E49_Time_Appellation", 
                    "parentproperty": "http://www.cidoc-crm.org/cidoc-crm/P78_is_identified_by"
                }, 
                {
                    "config": null, 
                    "datatype": "date", 
                    "description": "Represents a single node in a graph", 
                    "graph_id": "2926c069-a06d-11e6-84a5-026d961c88e6", 
                    "is_collector": false, 
                    "istopnode": false, 
                    "name": "Ancilary Feature To Date", 
                    "nodegroup_id": "4ec85b4d-a06d-11e6-84a5-026d961c88e6", 
                    "nodeid": "4ec85b54-a06d-11e6-84a5-026d961c88e6", 
                    "ontologyclass": "http://www.cidoc-crm.org/cidoc-crm/E49_Time_Appellation", 
                    "parentproperty": "http://www.cidoc-crm.org/cidoc-crm/P78_is_identified_by"
                }, 
                {
                    "config": {
                        "rdmCollection": null
                    }, 
                    "datatype": "concept-list", 
                    "description": "Represents a single node in a graph", 
                    "graph_id": "2926c069-a06d-11e6-84a5-026d961c88e6", 
                    "is_collector": false, 
                    "istopnode": false, 
                    "name": "Heritage Resource Type Cultural Period", 
                    "nodegroup_id": "5da2396d-a06d-11e6-84a5-026d961c88e6", 
                    "nodeid": "5da23970-a06d-11e6-84a5-026d961c88e6", 
                    "ontologyclass": "http://www.cidoc-crm.org/cidoc-crm/E55_Type", 
                    "parentproperty": "http://www.cidoc-crm.org/cidoc-crm/P42_assigned"
                }, 
                {
                    "config": null, 
                    "datatype": "semantic", 
                    "description": "Represents a single node in a graph", 
                    "graph_id": "2926c069-a06d-11e6-84a5-026d961c88e6", 
                    "is_collector": false, 
                    "istopnode": false, 
                    "name": "Heritage Resource Type Time Span", 
                    "nodegroup_id": "5da2396d-a06d-11e6-84a5-026d961c88e6", 
                    "nodeid": "5da23971-a06d-11e6-84a5-026d961c88e6", 
                    "ontologyclass": "http://www.cidoc-crm.org/cidoc-crm/E52_Time-Span", 
                    "parentproperty": "http://www.cidoc-crm.org/cidoc-crm/P4_has_time-span"
                }, 
                {
                    "config": null, 
                    "datatype": "semantic", 
                    "description": "Represents a single node in a graph", 
                    "graph_id": "2926c069-a06d-11e6-84a5-026d961c88e6", 
                    "is_collector": false, 
                    "istopnode": false, 
                    "name": "Ancillary Feature Time Span", 
                    "nodegroup_id": "4ec85b4d-a06d-11e6-84a5-026d961c88e6", 
                    "nodeid": "4ec85b52-a06d-11e6-84a5-026d961c88e6", 
                    "ontologyclass": "http://www.cidoc-crm.org/cidoc-crm/E52_Time-Span", 
                    "parentproperty": "http://www.cidoc-crm.org/cidoc-crm/P4_has_time-span"
                }, 
                {
                    "config": null, 
                    "datatype": "semantic", 
                    "description": "", 
                    "graph_id": "2926c069-a06d-11e6-84a5-026d961c88e6", 
                    "is_collector": true, 
                    "istopnode": false, 
                    "name": "Style Phase Type Assignment", 
                    "nodegroup_id": "579408f3-a06d-11e6-84a5-026d961c88e6", 
                    "nodeid": "579408f3-a06d-11e6-84a5-026d961c88e6", 
                    "ontologyclass": "http://www.cidoc-crm.org/cidoc-crm/E17_Type_Assignment", 
                    "parentproperty": "http://www.cidoc-crm.org/cidoc-crm/P41i_was_classified_by"
                }, 
                {
                    "config": {
                        "rdmCollection": "3739bf6e-fa80-46e5-a5aa-ae092af3c7ef"
                    }, 
                    "datatype": "concept", 
                    "description": "Represents a single node in a graph", 
                    "graph_id": "2926c069-a06d-11e6-84a5-026d961c88e6", 
                    "is_collector": false, 
                    "istopnode": false, 
                    "name": "Heritage Resource Type", 
                    "nodegroup_id": "5da2396d-a06d-11e6-84a5-026d961c88e6", 
                    "nodeid": "5da23974-a06d-11e6-84a5-026d961c88e6", 
                    "ontologyclass": "http://www.cidoc-crm.org/cidoc-crm/E55_Type", 
                    "parentproperty": "http://www.cidoc-crm.org/cidoc-crm/P42_assigned"
                }, 
                {
                    "config": null, 
                    "datatype": "date", 
                    "description": "Represents a single node in a graph", 
                    "graph_id": "2926c069-a06d-11e6-84a5-026d961c88e6", 
                    "is_collector": false, 
                    "istopnode": false, 
                    "name": "Heritage Resource Type From Date", 
                    "nodegroup_id": "5da2396d-a06d-11e6-84a5-026d961c88e6", 
                    "nodeid": "5da23975-a06d-11e6-84a5-026d961c88e6", 
                    "ontologyclass": "http://www.cidoc-crm.org/cidoc-crm/E49_Time_Appellation", 
                    "parentproperty": "http://www.cidoc-crm.org/cidoc-crm/P78_is_identified_by"
                }, 
                {
                    "config": null, 
                    "datatype": "semantic", 
                    "description": "Represents a single node in a graph", 
                    "graph_id": "2926c069-a06d-11e6-84a5-026d961c88e6", 
                    "is_collector": false, 
                    "istopnode": false, 
                    "name": "Style Time Span", 
                    "nodegroup_id": "579408f3-a06d-11e6-84a5-026d961c88e6", 
                    "nodeid": "579408f6-a06d-11e6-84a5-026d961c88e6", 
                    "ontologyclass": "http://www.cidoc-crm.org/cidoc-crm/E52_Time-Span", 
                    "parentproperty": "http://www.cidoc-crm.org/cidoc-crm/P4_has_time-span"
                }, 
                {
                    "config": null, 
                    "datatype": "date", 
                    "description": "Represents a single node in a graph", 
                    "graph_id": "2926c069-a06d-11e6-84a5-026d961c88e6", 
                    "is_collector": false, 
                    "istopnode": false, 
                    "name": "Style From Date", 
                    "nodegroup_id": "579408f3-a06d-11e6-84a5-026d961c88e6", 
                    "nodeid": "579408f7-a06d-11e6-84a5-026d961c88e6", 
                    "ontologyclass": "http://www.cidoc-crm.org/cidoc-crm/E49_Time_Appellation", 
                    "parentproperty": "http://www.cidoc-crm.org/cidoc-crm/P78_is_identified_by"
                }, 
                {
                    "config": {
                        "rdmCollection": "30e459f2-5712-43fa-8954-0830fb70216e"
                    }, 
                    "datatype": "concept", 
                    "description": "Represents a single node in a graph", 
                    "graph_id": "2926c069-a06d-11e6-84a5-026d961c88e6", 
                    "is_collector": false, 
                    "istopnode": false, 
                    "name": "Style", 
                    "nodegroup_id": "579408f3-a06d-11e6-84a5-026d961c88e6", 
                    "nodeid": "579408f8-a06d-11e6-84a5-026d961c88e6", 
                    "ontologyclass": "http://www.cidoc-crm.org/cidoc-crm/E55_Type", 
                    "parentproperty": "http://www.cidoc-crm.org/cidoc-crm/P2_has_type"
                }, 
                {
                    "config": {
                        "rdmCollection": "5dd9d81d-6501-4d3f-89f2-ebb0038d2df5"
                    }, 
                    "datatype": "concept-list", 
                    "description": "Represents a single node in a graph", 
                    "graph_id": "2926c069-a06d-11e6-84a5-026d961c88e6", 
                    "is_collector": false, 
                    "istopnode": false, 
                    "name": "Style Cultural Period", 
                    "nodegroup_id": "579408f3-a06d-11e6-84a5-026d961c88e6", 
                    "nodeid": "579408f9-a06d-11e6-84a5-026d961c88e6", 
                    "ontologyclass": "http://www.cidoc-crm.org/cidoc-crm/E55_Type", 
                    "parentproperty": "http://www.cidoc-crm.org/cidoc-crm/P42_assigned"
                }, 
                {
                    "config": null, 
                    "datatype": "date", 
                    "description": "Represents a single node in a graph", 
                    "graph_id": "2926c069-a06d-11e6-84a5-026d961c88e6", 
                    "is_collector": false, 
                    "istopnode": false, 
                    "name": "Ancillary Feature From Date", 
                    "nodegroup_id": "4ec85b4d-a06d-11e6-84a5-026d961c88e6", 
                    "nodeid": "4ec85b50-a06d-11e6-84a5-026d961c88e6", 
                    "ontologyclass": "http://www.cidoc-crm.org/cidoc-crm/E49_Time_Appellation", 
                    "parentproperty": "http://www.cidoc-crm.org/cidoc-crm/P78_is_identified_by"
                }, 
                {
                    "config": {
                        "rdmCollection": "09ae85f7-7207-4624-8325-332152865630"
                    }, 
                    "datatype": "concept-list", 
                    "description": "Represents a single node in a graph", 
                    "graph_id": "2926c069-a06d-11e6-84a5-026d961c88e6", 
                    "is_collector": false, 
                    "istopnode": false, 
                    "name": "Style Use Type", 
                    "nodegroup_id": "579408f3-a06d-11e6-84a5-026d961c88e6", 
                    "nodeid": "579408fa-a06d-11e6-84a5-026d961c88e6", 
                    "ontologyclass": "http://www.cidoc-crm.org/cidoc-crm/E55_Type", 
                    "parentproperty": "http://www.cidoc-crm.org/cidoc-crm/P42_assigned"
                }, 
                {
                    "config": {
                        "rdmCollection": "5dd9d81d-6501-4d3f-89f2-ebb0038d2df5"
                    }, 
                    "datatype": "concept-list", 
                    "description": "Represents a single node in a graph", 
                    "graph_id": "2926c069-a06d-11e6-84a5-026d961c88e6", 
                    "is_collector": false, 
                    "istopnode": false, 
                    "name": "Ancillary Feature Cultural Period", 
                    "nodegroup_id": "4ec85b4d-a06d-11e6-84a5-026d961c88e6", 
                    "nodeid": "4ec85b51-a06d-11e6-84a5-026d961c88e6", 
                    "ontologyclass": "http://www.cidoc-crm.org/cidoc-crm/E55_Type", 
                    "parentproperty": "http://www.cidoc-crm.org/cidoc-crm/P42_assigned"
                }, 
                {
                    "config": {
                        "rdmCollection": "09ae85f7-7207-4624-8325-332152865630"
                    }, 
                    "datatype": "concept-list", 
                    "description": "Represents a single node in a graph", 
                    "graph_id": "2926c069-a06d-11e6-84a5-026d961c88e6", 
                    "is_collector": false, 
                    "istopnode": false, 
                    "name": "Heritage Resource Use Type", 
                    "nodegroup_id": "5da2396d-a06d-11e6-84a5-026d961c88e6", 
                    "nodeid": "5da23973-a06d-11e6-84a5-026d961c88e6", 
                    "ontologyclass": "http://www.cidoc-crm.org/cidoc-crm/E55_Type", 
                    "parentproperty": "http://www.cidoc-crm.org/cidoc-crm/P2_has_type"
                }, 
                {
                    "config": null, 
                    "datatype": "date", 
                    "description": "Represents a single node in a graph", 
                    "graph_id": "2926c069-a06d-11e6-84a5-026d961c88e6", 
                    "is_collector": false, 
                    "istopnode": false, 
                    "name": "Style To Date", 
                    "nodegroup_id": "579408f3-a06d-11e6-84a5-026d961c88e6", 
                    "nodeid": "579408fb-a06d-11e6-84a5-026d961c88e6", 
                    "ontologyclass": "http://www.cidoc-crm.org/cidoc-crm/E49_Time_Appellation", 
                    "parentproperty": "http://www.cidoc-crm.org/cidoc-crm/P78_is_identified_by"
                }, 
                {
                    "config": {
                        "rdmCollection": null
                    }, 
                    "datatype": "concept-list", 
                    "description": "Represents a single node in a graph", 
                    "graph_id": "2926c069-a06d-11e6-84a5-026d961c88e6", 
                    "is_collector": false, 
                    "istopnode": false, 
                    "name": "Ancillary Feature Use Type", 
                    "nodegroup_id": "4ec85b4d-a06d-11e6-84a5-026d961c88e6", 
                    "nodeid": "4ec85b53-a06d-11e6-84a5-026d961c88e6", 
                    "ontologyclass": "http://www.cidoc-crm.org/cidoc-crm/E55_Type", 
                    "parentproperty": "http://www.cidoc-crm.org/cidoc-crm/P42_assigned"
                }, 
                {
                    "config": null, 
                    "datatype": "semantic", 
                    "description": "", 
                    "graph_id": "2926c069-a06d-11e6-84a5-026d961c88e6", 
                    "is_collector": true, 
                    "istopnode": false, 
                    "name": "Ancillary Feature Phase Type", 
                    "nodegroup_id": "4ec85b4d-a06d-11e6-84a5-026d961c88e6", 
                    "nodeid": "4ec85b4d-a06d-11e6-84a5-026d961c88e6", 
                    "ontologyclass": "http://www.cidoc-crm.org/cidoc-crm/E17_Type_Assignment", 
                    "parentproperty": "http://www.cidoc-crm.org/cidoc-crm/P41i_was_classified_by"
                }, 
                {
                    "config": {
                        "rdmCollection": "773bb03a-06e8-40e1-9c9a-8e5c94f56706"
                    }, 
                    "datatype": "concept", 
                    "description": "Represents a single node in a graph", 
                    "graph_id": "2926c069-a06d-11e6-84a5-026d961c88e6", 
                    "is_collector": false, 
                    "istopnode": false, 
                    "name": "Ancillary Feature Type", 
                    "nodegroup_id": "4ec85b4d-a06d-11e6-84a5-026d961c88e6", 
                    "nodeid": "4ec85b55-a06d-11e6-84a5-026d961c88e6", 
                    "ontologyclass": "http://www.cidoc-crm.org/cidoc-crm/E55_Type", 
                    "parentproperty": "http://www.cidoc-crm.org/cidoc-crm/P42_assigned"
                }, 
                {
                    "config": null, 
                    "datatype": "semantic", 
                    "description": "", 
                    "graph_id": "2926c069-a06d-11e6-84a5-026d961c88e6", 
                    "is_collector": true, 
                    "istopnode": true, 
                    "name": "Phase Type Production", 
                    "nodegroup_id": "2926c068-a06d-11e6-84a5-026d961c88e6", 
                    "nodeid": "2926c068-a06d-11e6-84a5-026d961c88e6", 
                    "ontologyclass": "http://www.cidoc-crm.org/cidoc-crm/E12_Production", 
                    "parentproperty": ""
                }
            ], 
            "ontology_id": "e6e8db47-2ccf-11e6-927e-b8f6b115d7dd", 
            "reports": [], 
            "root": {
                "config": null, 
                "datatype": "semantic", 
                "description": "", 
                "graph_id": "2926c069-a06d-11e6-84a5-026d961c88e6", 
                "is_collector": true, 
                "istopnode": true, 
                "name": "Phase Type Production", 
                "nodegroup_id": "2926c068-a06d-11e6-84a5-026d961c88e6", 
                "nodeid": "2926c068-a06d-11e6-84a5-026d961c88e6", 
                "ontologyclass": "http://www.cidoc-crm.org/cidoc-crm/E12_Production", 
                "parentproperty": ""
            }, 
            "subtitle": "Describes time span and type for the Heritage Resource", 
            "version": ""
        }
    ], 
    "metadata": {
        "db": "PostgreSQL 9.6.0 on x86_64-pc-linux-gnu, compiled by gcc (Ubuntu 5.3.1-14ubuntu2) 5.3.1 20160413, 64-bit", 
        "git hash": "ff93bd9 2017-01-24 10:17:51 -0800", 
        "os": "Linux", 
        "os version": "4.4.0-45-generic"
    }
}