{
    "graph": [
        {
            "author": " GCI", 
            "cards": [
                {
                    "active": true, 
                    "cardid": "d08dd1f5-9aff-11e6-84a5-026d961c88e6", 
                    "description": "This branch describes the language of an Information Resource.", 
                    "graph_id": "d08dd1f3-9aff-11e6-84a5-026d961c88e6", 
                    "helpenabled": false, 
                    "helptext": null, 
                    "helptitle": null, 
                    "instructions": "Select language of the information resource.", 
                    "name": "Language", 
                    "nodegroup_id": "d08dd1f2-9aff-11e6-84a5-026d961c88e6", 
                    "sortorder": null, 
                    "visible": true
                }
            ], 
            "cards_x_nodes_x_widgets": [
                {
                    "card_id": "d08dd1f5-9aff-11e6-84a5-026d961c88e6", 
                    "config": "{\"placeholder\":\"Select language\",\"options\":[{\"conceptid\":\"2b95e272-76a1-4bc5-ada0-dacde46e75c1\",\"text\":\"Afro-Asiatic language family\",\"id\":\"0fe53528-ca27-46e4-9738-8eac1c5ad9e4\",\"sortorder\":\"\",\"collector\":\"\",\"children\":[{\"conceptid\":\"24a29eb1-f491-4160-82aa-407500fb9916\",\"text\":\"Afar\",\"id\":\"fddac2e9-6e93-4db6-9cb0-a8de33a45eb4\",\"sortorder\":\"\",\"collector\":\"\",\"children\":[]},{\"conceptid\":\"d3f5b050-47a2-41d8-b8c8-303b623e0c6a\",\"text\":\"Amharic\",\"id\":\"17e5f7b8-f106-44bc-a53c-19a502b15eec\",\"sortorder\":\"\",\"collector\":\"\",\"children\":[]},{\"conceptid\":\"c63a4090-371e-4aa7-918c-3001296ae45c\",\"text\":\"Arabic\",\"id\":\"e8910578-6634-4157-a0d3-41030952b3b6\",\"sortorder\":\"\",\"collector\":\"\",\"children\":[]},{\"conceptid\":\"ac1d7acf-d5bb-4385-89bd-87b1b05f7e95\",\"text\":\"Hausa\",\"id\":\"6a1a9b8a-2456-412b-afd3-1a3fa70567f9\",\"sortorder\":\"\",\"collector\":\"\",\"children\":[]},{\"conceptid\":\"c1e44e3f-4f73-4bdf-9882-86c2c33ad74b\",\"text\":\"Hebrew (modern)\",\"id\":\"2b6e9ba9-13e5-4134-a4e9-3eaed93961c8\",\"sortorder\":\"\",\"collector\":\"\",\"children\":[]},{\"conceptid\":\"9ac30799-f79a-40ad-8d90-cc40d80212e8\",\"text\":\"Maltese\",\"id\":\"2a0dca48-b790-4830-b5aa-0585c654477f\",\"sortorder\":\"\",\"collector\":\"\",\"children\":[]},{\"conceptid\":\"fce45748-1732-4384-90de-d1b43c7f3cd3\",\"text\":\"Oromo\",\"id\":\"d8e7b982-ea97-43b5-915b-e5e41e2e493d\",\"sortorder\":\"\",\"collector\":\"\",\"children\":[]},{\"conceptid\":\"7f8d0c33-b682-433a-b5db-2adf107dfd19\",\"text\":\"Somali\",\"id\":\"2071944f-cecd-4f19-8db1-59db2efab29b\",\"sortorder\":\"\",\"collector\":\"\",\"children\":[]},{\"conceptid\":\"e6bd0105-3fbc-4359-8deb-99b2739ce3ff\",\"text\":\"Tigrinya\",\"id\":\"a056f62f-40a8-48e0-8314-8043f36816bd\",\"sortorder\":\"\",\"collector\":\"\",\"children\":[]}]},{\"conceptid\":\"353cd180-ca66-46c4-b657-26d99e5daf10\",\"text\":\"Algonquian language family\",\"id\":\"5b6b27a1-044c-4053-a4eb-cec347552b87\",\"sortorder\":\"\",\"collector\":\"\",\"children\":[{\"conceptid\":\"6e89b4a4-ba50-4dac-acea-0cd99fe6a07b\",\"text\":\"Cree\",\"id\":\"fdce21a3-039c-4730-9b41-3eada1ba0d10\",\"sortorder\":\"\",\"collector\":\"\",\"children\":[]},{\"conceptid\":\"92704e80-b5d5-4cb1-b5e0-203edc2f35ac\",\"text\":\"Ojibwe | Ojibwa\",\"id\":\"3b63a8f1-2c12-4359-8698-e0f5f755886c\",\"sortorder\":\"\",\"collector\":\"\",\"children\":[]}]},{\"conceptid\":\"e61cc447-9b21-4409-abb9-90e272568c06\",\"text\":\"Austroasiatic language family\",\"id\":\"885a0f05-4865-4801-8272-b2437963f4d3\",\"sortorder\":\"\",\"collector\":\"\",\"children\":[{\"conceptid\":\"ad5d8a4e-63e5-49c8-aba9-516ce8664520\",\"text\":\"Khmer\",\"id\":\"8291a542-0a8c-4656-b3a4-fbf50429f6a1\",\"sortorder\":\"\",\"collector\":\"\",\"children\":[]},{\"conceptid\":\"1a9264c4-0a7e-4084-863b-b47234c18361\",\"text\":\"Vietnamese\",\"id\":\"15da238b-a646-4dca-8f5e-a04d5c824e57\",\"sortorder\":\"\",\"collector\":\"\",\"children\":[]}]},{\"conceptid\":\"f6365a23-806b-4276-baaa-b6c5ab37f3cd\",\"text\":\"Austronesian language family\",\"id\":\"3b074e06-ce46-4d1a-b999-e2ed1c54bade\",\"sortorder\":\"\",\"collector\":\"\",\"children\":[{\"conceptid\":\"c3730358-7090-4662-80db-30173ec977e9\",\"text\":\"Chamorro\",\"id\":\"38cfb3d5-b8ae-4b7a-b380-3e16386cd656\",\"sortorder\":\"\",\"collector\":\"\",\"children\":[]},{\"conceptid\":\"81b38679-574f-4617-9407-8f681fc0bf57\",\"text\":\"Fijian\",\"id\":\"ceae10e9-fe71-48c4-a37d-3945a1e9494f\",\"sortorder\":\"\",\"collector\":\"\",\"children\":[]},{\"conceptid\":\"26b112c6-5e4c-4dc1-b215-83f1fb1b0348\",\"text\":\"Hiri Motu\",\"id\":\"c88518e3-f9d6-4a87-85d2-226991a5b7d2\",\"sortorder\":\"\",\"collector\":\"\",\"children\":[]},{\"conceptid\":\"2e0c6791-2278-472d-b2c3-7bbe3f130003\",\"text\":\"Indonesian\",\"id\":\"b10a0657-0a8a-44b6-ae44-80c1ad9023d7\",\"sortorder\":\"\",\"collector\":\"\",\"children\":[]},{\"conceptid\":\"11c024c4-aea7-4ecf-b638-750560a8cf52\",\"text\":\"Javanese\",\"id\":\"e76fc97a-174b-4bea-b2a9-8d7b0f855a7b\",\"sortorder\":\"\",\"collector\":\"\",\"children\":[]},{\"conceptid\":\"fcdf5b1a-3c96-47f4-8171-ee79eceb7874\",\"text\":\"Malagasy\",\"id\":\"61fae223-38b9-483f-9d54-99e9436d03f6\",\"sortorder\":\"\",\"collector\":\"\",\"children\":[]},{\"conceptid\":\"00698bea-0974-4156-b886-f3cb66088b21\",\"text\":\"Malay\",\"id\":\"613be0df-e6bf-44e0-a1da-96c9c2615fc8\",\"sortorder\":\"\",\"collector\":\"\",\"children\":[]},{\"conceptid\":\"5223dbd6-a055-4b73-8a4a-dd09811e9cb5\",\"text\":\"Maori\",\"id\":\"f23ed65c-28ed-4ebc-a80c-feb87482c09d\",\"sortorder\":\"\",\"collector\":\"\",\"children\":[]},{\"conceptid\":\"e6ce7f50-adbf-47b8-8013-a02aa8cd41da\",\"text\":\"Marshallese\",\"id\":\"680a7b35-1826-4c3c-9736-bd2120fe691a\",\"sortorder\":\"\",\"collector\":\"\",\"children\":[]},{\"conceptid\":\"83310946-88fb-4728-bb25-555ebb834591\",\"text\":\"Nauru\",\"id\":\"111dcf32-b0e5-402e-81ee-adab7cdd4bb4\",\"sortorder\":\"\",\"collector\":\"\",\"children\":[]},{\"conceptid\":\"94ad951f-b463-4522-8989-c15d2755a5e2\",\"text\":\"Samoan\",\"id\":\"b2e99b2f-0c52-40d6-9011-16c84a4f16bf\",\"sortorder\":\"\",\"collector\":\"\",\"children\":[]},{\"conceptid\":\"a23eb4be-a4c2-45a4-a0a6-b5f1ae75d35d\",\"text\":\"Sundanese\",\"id\":\"27d22f09-ad5b-4bca-bafa-80a995a195b2\",\"sortorder\":\"\",\"collector\":\"\",\"children\":[]},{\"conceptid\":\"05a0bf28-e9cd-4ebc-99de-c1e16f2b4769\",\"text\":\"Tagalog\",\"id\":\"6a2f0e74-7cd0-4460-b373-8b81f9a7e4d0\",\"sortorder\":\"\",\"collector\":\"\",\"children\":[]},{\"conceptid\":\"1274a7b8-8f7d-4740-be50-67baeb0afb08\",\"text\":\"Tahitian\",\"id\":\"87bf690b-d361-4ca5-8c2a-8afc95e21500\",\"sortorder\":\"\",\"collector\":\"\",\"children\":[]},{\"conceptid\":\"f0afb682-2b11-4439-aff8-66c4f60b8a98\",\"text\":\"Tonga (Tonga Islands)\",\"id\":\"eca9cfe5-1e8f-41ea-be26-407b2fedead6\",\"sortorder\":\"\",\"collector\":\"\",\"children\":[]}]},{\"conceptid\":\"cd5130a2-7157-4d73-977f-ab2c099e0594\",\"text\":\"Aymaran language family\",\"id\":\"20c948a2-fe3d-40a4-97eb-ee01d9016a16\",\"sortorder\":\"\",\"collector\":\"\",\"children\":[{\"conceptid\":\"9e233abf-d445-4f24-a1fd-514e50332492\",\"text\":\"Aymara\",\"id\":\"3a8144d4-0fce-49e2-9637-b7c647b03ade\",\"sortorder\":\"\",\"collector\":\"\",\"children\":[]}]},{\"conceptid\":\"ad6e3995-d297-4161-9b21-0ac8e0908af7\",\"text\":\"Constructed language family\",\"id\":\"0975e9fe-b742-46f3-941c-2b4b53743edd\",\"sortorder\":\"\",\"collector\":\"\",\"children\":[{\"conceptid\":\"419b7850-983a-4cf5-a479-287e704dfb48\",\"text\":\"Esperanto\",\"id\":\"a24bbafc-5b54-4550-8942-943a9f8087dc\",\"sortorder\":\"\",\"collector\":\"\",\"children\":[]},{\"conceptid\":\"69af32f2-5842-4246-b983-a39387927ad4\",\"text\":\"Ido\",\"id\":\"eff528f3-164f-4cbf-8c9b-0ec57f3036a0\",\"sortorder\":\"\",\"collector\":\"\",\"children\":[]},{\"conceptid\":\"a841e378-0aa0-4eb3-b9b1-8d9d4644b911\",\"text\":\"Interlingua\",\"id\":\"0fcf3876-f22a-4576-a204-dcc429e0ccad\",\"sortorder\":\"\",\"collector\":\"\",\"children\":[]},{\"conceptid\":\"b505f4fa-5360-40be-9407-fca2c8f24582\",\"text\":\"Interlingue\",\"id\":\"f836d094-53b0-42ea-81b8-6662d2b96d43\",\"sortorder\":\"\",\"collector\":\"\",\"children\":[]},{\"conceptid\":\"5ca5f286-e555-4657-b695-357f4c3be31d\",\"text\":\"Volapuk\",\"id\":\"411416ac-f9d2-4b8e-93ea-758c1d461d9b\",\"sortorder\":\"\",\"collector\":\"\",\"children\":[]}]},{\"conceptid\":\"20e601f5-a651-434b-bc5d-315869a60946\",\"text\":\"Creole language family\",\"id\":\"36c5a415-5a48-437c-80ea-ff50c28fae87\",\"sortorder\":\"\",\"collector\":\"\",\"children\":[{\"conceptid\":\"2f759ce4-686f-4c77-90e4-4e151221229e\",\"text\":\"Bislama\",\"id\":\"185ae372-93e0-4ccf-b7c4-53219bc6cc7a\",\"sortorder\":\"\",\"collector\":\"\",\"children\":[]},{\"conceptid\":\"cc114792-a47e-433a-9e1b-7321de728f73\",\"text\":\"Haitian | Haitian Creole\",\"id\":\"afc51f67-55f7-4df9-a6b0-66dd965ac2f5\",\"sortorder\":\"\",\"collector\":\"\",\"children\":[]},{\"conceptid\":\"657cddea-3408-43bd-bdfa-171210f72ca6\",\"text\":\"Sango\",\"id\":\"5e86d682-99ef-4fec-a7b1-1cd666382299\",\"sortorder\":\"\",\"collector\":\"\",\"children\":[]}]},{\"conceptid\":\"f5726022-a89c-4723-8009-bd5ec870297c\",\"text\":\"Dene-Yeniseian language family\",\"id\":\"6a1345f9-2386-43ab-a59e-0fd4f4954bd7\",\"sortorder\":\"\",\"collector\":\"\",\"children\":[{\"conceptid\":\"7b611a8f-3f7c-4dc7-8936-4b7a31004f34\",\"text\":\"Navajo | Navaho\",\"id\":\"a6b53faf-8bbe-4cdc-b32a-89480dc39113\",\"sortorder\":\"\",\"collector\":\"\",\"children\":[]}]},{\"conceptid\":\"23681897-a683-4969-a920-a9bb7dbb10ae\",\"text\":\"Dravidian language family\",\"id\":\"0629160a-daaa-48b6-850c-1b6b8eae9903\",\"sortorder\":\"\",\"collector\":\"\",\"children\":[{\"conceptid\":\"41a5ddf8-e056-43e9-9af3-234b6510ddef\",\"text\":\"Kannada\",\"id\":\"269b9ee7-0d00-4303-a6c1-62ae82688638\",\"sortorder\":\"\",\"collector\":\"\",\"children\":[]},{\"conceptid\":\"f7ae2b4b-0a69-4be4-94ae-f070b02513e8\",\"text\":\"Malayalam\",\"id\":\"5d537d1b-2f67-456e-9ab1-448d1b740c73\",\"sortorder\":\"\",\"collector\":\"\",\"children\":[]},{\"conceptid\":\"9b6392af-ce1e-4197-b3f3-380f05e2065c\",\"text\":\"Tamil\",\"id\":\"62f093fe-92cb-4b56-a994-b2da2416c529\",\"sortorder\":\"\",\"collector\":\"\",\"children\":[]},{\"conceptid\":\"c5d000e8-14f3-4e97-a059-101f14927155\",\"text\":\"Telugu\",\"id\":\"d906ace2-a2e4-4a1f-ac28-e0e180b0aa5d\",\"sortorder\":\"\",\"collector\":\"\",\"children\":[]}]},{\"conceptid\":\"3650f974-e9c6-4803-be27-3db24c5cf270\",\"text\":\"Eskimo-Aleut language family\",\"id\":\"a97b0cf6-e1d4-4e28-a0e3-ae86789cd7a1\",\"sortorder\":\"\",\"collector\":\"\",\"children\":[{\"conceptid\":\"8e49d261-d5ac-4999-b7c6-00577ed1d28c\",\"text\":\"Inuktitut\",\"id\":\"024989d4-6a71-4cca-936f-c672026e0db4\",\"sortorder\":\"\",\"collector\":\"\",\"children\":[]},{\"conceptid\":\"7e37fd8e-ffd3-41d7-bc76-f4264abcf2f2\",\"text\":\"Inupiaq\",\"id\":\"e48384e2-5666-4c73-940e-fb876e883d80\",\"sortorder\":\"\",\"collector\":\"\",\"children\":[]},{\"conceptid\":\"4c323c88-220c-4d90-be19-b3f73ce64db4\",\"text\":\"Kalaallisut | Greenlandic\",\"id\":\"e4e6cc7c-e1a5-4a50-9f34-78729909e424\",\"sortorder\":\"\",\"collector\":\"\",\"children\":[]}]},{\"conceptid\":\"27ff2ec7-61b2-42ed-82ca-adc115641898\",\"text\":\"Indo-European language family\",\"id\":\"0a172c02-a5de-4ba0-80f5-bb20a82324c3\",\"sortorder\":\"\",\"collector\":\"\",\"children\":[{\"conceptid\":\"14b667e1-92bd-4c20-8f50-3e3c502f508c\",\"text\":\"Afrikaans\",\"id\":\"5e0cf8cd-439b-433b-810a-04c3a730f001\",\"sortorder\":\"\",\"collector\":\"\",\"children\":[]},{\"conceptid\":\"2e1e8b8f-b316-48ca-95c0-a8d054718770\",\"text\":\"Albanian\",\"id\":\"20b0ce58-b8a5-4c0d-ae93-950d0509dee2\",\"sortorder\":\"\",\"collector\":\"\",\"children\":[]},{\"conceptid\":\"2242f70d-fdfb-4d66-8ffe-e0401f324eda\",\"text\":\"Aragonese\",\"id\":\"aa434ca0-4d20-4cb0-93d7-d6138812a022\",\"sortorder\":\"\",\"collector\":\"\",\"children\":[]},{\"conceptid\":\"80b40de3-c474-47ca-b96c-0c7dc3bac8cb\",\"text\":\"Armenian\",\"id\":\"c782c2a1-2cc6-43a7-831b-7957e4cfc000\",\"sortorder\":\"\",\"collector\":\"\",\"children\":[]},{\"conceptid\":\"655f85d7-303d-4acb-9878-3adacc846655\",\"text\":\"Assamese\",\"id\":\"5ac31731-bc35-49a2-afe3-7ebc81d69ed2\",\"sortorder\":\"\",\"collector\":\"\",\"children\":[]},{\"conceptid\":\"83a20965-0fc6-4ed3-b78d-9bbcd1056baa\",\"text\":\"Avestan\",\"id\":\"ace3680b-d189-4a77-aa6c-4f43d0d69b73\",\"sortorder\":\"\",\"collector\":\"\",\"children\":[]},{\"conceptid\":\"60d9ca3f-bc21-4cd0-8e64-86776dc2055f\",\"text\":\"Belarusian\",\"id\":\"5573041e-d028-4da2-9e8b-d6f5e3c70893\",\"sortorder\":\"\",\"collector\":\"\",\"children\":[]},{\"conceptid\":\"9560594c-9128-4ddd-ba83-5ae9db6afb78\",\"text\":\"Bengali | Bangla\",\"id\":\"b90a22cc-7795-431c-96aa-6be5f8dcbe77\",\"sortorder\":\"\",\"collector\":\"\",\"children\":[]},{\"conceptid\":\"19780125-6911-4952-bb05-6d565b66e2f3\",\"text\":\"Bihari\",\"id\":\"a6487e07-bee7-48dc-a720-c98e6fbb9f4e\",\"sortorder\":\"\",\"collector\":\"\",\"children\":[]},{\"conceptid\":\"11c6c624-d791-454a-9d36-cf4dcc1f1ac3\",\"text\":\"Bosnian\",\"id\":\"33b25f1c-4bca-4cdf-baf8-8206a65434a1\",\"sortorder\":\"\",\"collector\":\"\",\"children\":[]},{\"conceptid\":\"e1d123c2-fe0b-46d9-953b-dddea655a6d8\",\"text\":\"Breton\",\"id\":\"4a06e2ae-1997-43af-989b-ee7887cad580\",\"sortorder\":\"\",\"collector\":\"\",\"children\":[]},{\"conceptid\":\"211280b4-96ab-4bed-a7ae-26917506ddc5\",\"text\":\"Bulgarian\",\"id\":\"aa94e4c4-4b13-48f9-b62d-f076e9797d30\",\"sortorder\":\"\",\"collector\":\"\",\"children\":[]},{\"conceptid\":\"b00e2afc-8a04-4099-91c0-1547cb611348\",\"text\":\"Catalan | Valencian\",\"id\":\"e675d268-da42-4373-8599-397dd7485018\",\"sortorder\":\"\",\"collector\":\"\",\"children\":[]},{\"conceptid\":\"0318a630-80c7-4ba9-90d2-b36fe6675757\",\"text\":\"Cornish\",\"id\":\"c2bf9077-37f9-4072-b63f-96d02282588d\",\"sortorder\":\"\",\"collector\":\"\",\"children\":[]},{\"conceptid\":\"a5547f36-3d9d-409a-b4b7-e737b5a205c8\",\"text\":\"Corsican\",\"id\":\"22041ae1-99e5-407f-a4d4-437ca3be38b3\",\"sortorder\":\"\",\"collector\":\"\",\"children\":[]},{\"conceptid\":\"175822b3-319f-4e75-9d40-78bc829ecbe1\",\"text\":\"Croatian\",\"id\":\"ef6d297b-3d6d-45d6-875f-58b738fa8e0f\",\"sortorder\":\"\",\"collector\":\"\",\"children\":[]},{\"conceptid\":\"7d11eda3-ffa2-4c7f-8416-a4dc07c5fcd5\",\"text\":\"Czech\",\"id\":\"dd6535cd-2ac0-4396-92b2-41f21173ff39\",\"sortorder\":\"\",\"collector\":\"\",\"children\":[]},{\"conceptid\":\"a9d78f4e-8f92-46c9-a8a2-61654ee1a430\",\"text\":\"Danish\",\"id\":\"1f5627fd-fc6a-4683-b649-e882fddd16ea\",\"sortorder\":\"\",\"collector\":\"\",\"children\":[]},{\"conceptid\":\"69ec7a85-153a-47ee-9d6c-9605c2ae520a\",\"text\":\"Divehi | Dhivehi | Maldivian\",\"id\":\"79ec80b2-44b4-4a99-9efb-57e775d8f7c5\",\"sortorder\":\"\",\"collector\":\"\",\"children\":[]},{\"conceptid\":\"1f71ec9c-dd52-478e-9ff7-b34e9e8e195c\",\"text\":\"Dutch\",\"id\":\"b02be016-e8b4-43ae-a7d4-c7545736163f\",\"sortorder\":\"\",\"collector\":\"\",\"children\":[]},{\"conceptid\":\"1b3ed8bf-fa33-4f31-8c56-31378f54e7ab\",\"text\":\"English\",\"id\":\"fd5af8a8-8f39-4be9-927b-706deaf4f26b\",\"sortorder\":\"\",\"collector\":\"\",\"children\":[]},{\"conceptid\":\"e5a01cbd-9bcb-45d2-bd0d-053f0772c7a0\",\"text\":\"Faroese\",\"id\":\"3361503a-193e-4365-8f13-52454e961a37\",\"sortorder\":\"\",\"collector\":\"\",\"children\":[]},{\"conceptid\":\"9c03c660-9463-4027-99ab-4367ffaf4532\",\"text\":\"French\",\"id\":\"ad727106-41df-40de-a755-e44795c656d4\",\"sortorder\":\"\",\"collector\":\"\",\"children\":[]},{\"conceptid\":\"9bc1835f-9f97-4086-bd14-91fbb62cf821\",\"text\":\"Galician\",\"id\":\"ac174486-a278-4dde-aa08-7f9e38ad9934\",\"sortorder\":\"\",\"collector\":\"\",\"children\":[]},{\"conceptid\":\"0bef1123-c6a1-4cdb-8f49-2499d194c45a\",\"text\":\"German\",\"id\":\"6d049b72-0673-4390-be6f-03bb222640cb\",\"sortorder\":\"\",\"collector\":\"\",\"children\":[]},{\"conceptid\":\"fa3f2a0f-d8d7-4dc2-af72-b5b0293f414a\",\"text\":\"Greek (modern)\",\"id\":\"0ef10f10-6764-4dd9-9415-66cedfdaf666\",\"sortorder\":\"\",\"collector\":\"\",\"children\":[]},{\"conceptid\":\"bf58cebc-d164-4810-9887-a89041205d17\",\"text\":\"Gujarati\",\"id\":\"f8aa5d4c-4191-46a8-ad3e-47aa8e856e00\",\"sortorder\":\"\",\"collector\":\"\",\"children\":[]},{\"conceptid\":\"309e5185-ac38-4ebf-832f-b840309826d3\",\"text\":\"Hindi\",\"id\":\"1c031b60-3a74-4ac5-8b8c-dd3a87741737\",\"sortorder\":\"\",\"collector\":\"\",\"children\":[]},{\"conceptid\":\"5ac48be5-2039-407a-a678-27e7b671a536\",\"text\":\"Icelandic\",\"id\":\"37ae09ea-6658-4bab-a823-3dd7abbd13c4\",\"sortorder\":\"\",\"collector\":\"\",\"children\":[]},{\"conceptid\":\"a84dfc1e-7835-471e-8ca4-1d8d8493b71d\",\"text\":\"Irish\",\"id\":\"d32e95a4-9bbe-4bec-b937-748c58323063\",\"sortorder\":\"\",\"collector\":\"\",\"children\":[]},{\"conceptid\":\"74d0838a-b3eb-466e-a535-66d8c571dddf\",\"text\":\"Italian\",\"id\":\"b5135871-f4c8-4d01-b982-7b9cda606f4b\",\"sortorder\":\"\",\"collector\":\"\",\"children\":[]},{\"conceptid\":\"baeed705-2b7f-4233-af91-9f25c092918f\",\"text\":\"Kashmiri\",\"id\":\"dbb637a3-04af-46c8-88d9-4e174c7d5a35\",\"sortorder\":\"\",\"collector\":\"\",\"children\":[]},{\"conceptid\":\"bc5ea4bc-fac9-4821-8d07-253572a7dfa0\",\"text\":\"Kurdish\",\"id\":\"d0f176e2-83e7-44e4-9970-74b56f82acfa\",\"sortorder\":\"\",\"collector\":\"\",\"children\":[]},{\"conceptid\":\"3a5fa181-cb48-403e-b803-fc92c7bb3810\",\"text\":\"Latin\",\"id\":\"3d588bbf-145b-40e4-978b-da945203cbb6\",\"sortorder\":\"\",\"collector\":\"\",\"children\":[]},{\"conceptid\":\"831c5e1e-bd81-4bfc-a007-f10e2855fdb4\",\"text\":\"Latvian\",\"id\":\"46eef2b0-d4af-4a9c-ac6f-13e98b63effc\",\"sortorder\":\"\",\"collector\":\"\",\"children\":[]},{\"conceptid\":\"d396aa54-6386-4075-891a-98a0b5537f06\",\"text\":\"Limburgish | Limburgan | Limburger\",\"id\":\"ff005c6f-becc-4ba9-92de-81a8ada3e128\",\"sortorder\":\"\",\"collector\":\"\",\"children\":[]},{\"conceptid\":\"ce940338-7046-4145-8d6c-9b6ec796b5e0\",\"text\":\"Lithuanian\",\"id\":\"efc224bc-36ae-401e-9005-fe965cb5c9d1\",\"sortorder\":\"\",\"collector\":\"\",\"children\":[]},{\"conceptid\":\"e31b74bb-840a-44b4-923d-850e48f048fa\",\"text\":\"Luxembourgish | Letzeburgesch\",\"id\":\"2f7b7802-6398-47c0-9e57-e15aa69f34f8\",\"sortorder\":\"\",\"collector\":\"\",\"children\":[]},{\"conceptid\":\"57229ff7-7b2b-4592-baf4-ca4c6d80bef4\",\"text\":\"Macedonian\",\"id\":\"472535eb-7238-4e99-84f8-91f0a9490660\",\"sortorder\":\"\",\"collector\":\"\",\"children\":[]},{\"conceptid\":\"f3aa83da-f85e-40e6-b83f-edc97a956d05\",\"text\":\"Manx\",\"id\":\"b076289b-8d6b-4d04-8405-4191be35ca9c\",\"sortorder\":\"\",\"collector\":\"\",\"children\":[]},{\"conceptid\":\"41b04acd-026e-4ff3-9d9c-aed39ff8bf83\",\"text\":\"Marathi\",\"id\":\"19a7265e-265d-4cde-822f-56ba2be79a0d\",\"sortorder\":\"\",\"collector\":\"\",\"children\":[]},{\"conceptid\":\"85075ed5-f98a-4103-ac5c-344cf7f5c48e\",\"text\":\"Nepali\",\"id\":\"ebfc65d0-df59-42b1-8dcd-3deacf604ac6\",\"sortorder\":\"\",\"collector\":\"\",\"children\":[]},{\"conceptid\":\"69d37774-0eed-495d-a36a-32af1e46cb43\",\"text\":\"Norwegian\",\"id\":\"084dc521-7511-4a58-baa8-b2dd5b8950af\",\"sortorder\":\"\",\"collector\":\"\",\"children\":[]},{\"conceptid\":\"835de94e-d0b5-4389-9c86-72d86864632b\",\"text\":\"Norwegian Bokmal\",\"id\":\"9f734e55-edfd-499f-900c-dd5bb2ad74e1\",\"sortorder\":\"\",\"collector\":\"\",\"children\":[]},{\"conceptid\":\"42b05d8b-e510-4fcd-a018-ef8053bc372e\",\"text\":\"Norwegian Nynorsk\",\"id\":\"a22cd1ed-3c23-4c7d-b426-568c792d3caa\",\"sortorder\":\"\",\"collector\":\"\",\"children\":[]},{\"conceptid\":\"9bd14f98-d525-43ed-89d3-d4c2067409be\",\"text\":\"Occitan\",\"id\":\"3eba8238-f00b-4c09-a143-b9ac8d0dd26e\",\"sortorder\":\"\",\"collector\":\"\",\"children\":[]},{\"conceptid\":\"057807bf-cec2-4125-8566-936abefea8ef\",\"text\":\"Old Church Slavonic | Church Slavonic | Old Bulgarian\",\"id\":\"5d25468e-54c2-4ca9-bcdd-0c406e95dc8a\",\"sortorder\":\"\",\"collector\":\"\",\"children\":[]},{\"conceptid\":\"4b2fe609-9cd9-4b51-b719-82e4e71bc523\",\"text\":\"Oriya\",\"id\":\"ad96c045-fda6-4f60-90c0-e51ed95dce2a\",\"sortorder\":\"\",\"collector\":\"\",\"children\":[]},{\"conceptid\":\"9a90eea5-95bf-44f6-846f-a391a1f2dd50\",\"text\":\"Ossetian | Ossetic\",\"id\":\"103e2379-ff02-4993-a6e3-f46798b62371\",\"sortorder\":\"\",\"collector\":\"\",\"children\":[]},{\"conceptid\":\"b6f6f7e5-794a-4e97-a779-cd95335394bf\",\"text\":\"Pali\",\"id\":\"a52a4bd9-4c5a-49aa-b1ed-d09398c2572e\",\"sortorder\":\"\",\"collector\":\"\",\"children\":[]},{\"conceptid\":\"8775345b-2518-434c-a98b-6df1ec78502d\",\"text\":\"Panjabi | Punjabi\",\"id\":\"00378a58-dda4-4af1-b7a1-fb5f773b142e\",\"sortorder\":\"\",\"collector\":\"\",\"children\":[]},{\"conceptid\":\"353201f2-d62b-41f6-8cba-dc631dbdc885\",\"text\":\"Pashto | Pushto\",\"id\":\"75180588-d926-4e97-adc4-19eea3d4c689\",\"sortorder\":\"\",\"collector\":\"\",\"children\":[]},{\"conceptid\":\"d42ca536-b4a2-42a4-89e8-75454f69d982\",\"text\":\"Persian (Farsi)\",\"id\":\"9108a920-5b2f-4454-a00d-124c7b1cf7e7\",\"sortorder\":\"\",\"collector\":\"\",\"children\":[]},{\"conceptid\":\"bb960775-2c78-4316-a741-dd9491ee27c9\",\"text\":\"Polish\",\"id\":\"0b645418-3566-45b8-b5ad-508e8d4e49ad\",\"sortorder\":\"\",\"collector\":\"\",\"children\":[]},{\"conceptid\":\"d18bad50-0979-4323-86d7-b80d713b404a\",\"text\":\"Portuguese\",\"id\":\"04a47836-b3b0-4edc-9022-83979f332927\",\"sortorder\":\"\",\"collector\":\"\",\"children\":[]},{\"conceptid\":\"bdfa287f-2bd7-4840-b64e-ca1bf161e1ee\",\"text\":\"Romanian\",\"id\":\"86816254-30bc-4cca-9527-6962b68a94c6\",\"sortorder\":\"\",\"collector\":\"\",\"children\":[]},{\"conceptid\":\"ae71d020-62da-4577-b891-9004dc372ab9\",\"text\":\"Romansh\",\"id\":\"7b0ae856-2da9-4be9-bceb-abc4f1fe6a58\",\"sortorder\":\"\",\"collector\":\"\",\"children\":[]},{\"conceptid\":\"f27e0f04-fcdb-4ef4-a833-2d20e436a303\",\"text\":\"Russian\",\"id\":\"c5dde2f9-d873-4484-87b0-0e3d78009fa3\",\"sortorder\":\"\",\"collector\":\"\",\"children\":[]},{\"conceptid\":\"8d234bc3-f511-428a-83a6-71ba87946300\",\"text\":\"Sanskrit (Samskrta)\",\"id\":\"51781439-3e7c-4f2d-8f37-22e155e41668\",\"sortorder\":\"\",\"collector\":\"\",\"children\":[]},{\"conceptid\":\"3a905dbb-7468-403b-90aa-17dc306f5632\",\"text\":\"Sardinian\",\"id\":\"5b8429e9-b37a-4f08-99b6-23677f0de3c4\",\"sortorder\":\"\",\"collector\":\"\",\"children\":[]},{\"conceptid\":\"1a521344-a75d-4a85-9cd7-1a1587fe56ba\",\"text\":\"Scottish Gaelic | Gaelic\",\"id\":\"f85c3b17-49b8-40b9-bc98-14cce5318c47\",\"sortorder\":\"\",\"collector\":\"\",\"children\":[]},{\"conceptid\":\"d8f90520-acd9-4a3c-99cf-d889ab47c389\",\"text\":\"Serbian\",\"id\":\"d3227cfd-b848-4eee-b9ed-59a5e8161718\",\"sortorder\":\"\",\"collector\":\"\",\"children\":[]},{\"conceptid\":\"7cdb004a-d4d6-4e2d-986d-f83b0a28a923\",\"text\":\"Sindhi\",\"id\":\"01388dca-1aae-4191-90f2-aafce845719b\",\"sortorder\":\"\",\"collector\":\"\",\"children\":[]},{\"conceptid\":\"144ebeea-e962-412d-ba4c-9ff7f5e2420f\",\"text\":\"Sinhala | Sinhalese\",\"id\":\"52a1599c-5a6b-4786-bb65-bd7ef6d69b1d\",\"sortorder\":\"\",\"collector\":\"\",\"children\":[]},{\"conceptid\":\"e743e2b0-bd90-43eb-ad30-172f10fba51f\",\"text\":\"Slovak\",\"id\":\"2af31ee3-6023-4a8d-8b3e-8cdd82a6db73\",\"sortorder\":\"\",\"collector\":\"\",\"children\":[]},{\"conceptid\":\"68cbd071-be13-481e-88fe-d72099fccf0b\",\"text\":\"Slovene\",\"id\":\"02659ad5-9e49-45b5-8245-adeccbec60ef\",\"sortorder\":\"\",\"collector\":\"\",\"children\":[]},{\"conceptid\":\"258246be-26be-475a-b852-9a45451d59dd\",\"text\":\"Spanish | Castilian\",\"id\":\"a6ac1924-a3e3-4429-a07d-ad04bf899e92\",\"sortorder\":\"\",\"collector\":\"\",\"children\":[]},{\"conceptid\":\"a2af387c-ffa5-4511-899d-5024d7ee1af6\",\"text\":\"Swedish\",\"id\":\"8f88ee9d-0a0e-473f-92fb-24a946df7330\",\"sortorder\":\"\",\"collector\":\"\",\"children\":[]},{\"conceptid\":\"1d09924a-f5f1-4132-aaa6-a879ef7e131e\",\"text\":\"Tajik\",\"id\":\"e08aff78-9a5a-49dc-8af4-ee1e6a60c407\",\"sortorder\":\"\",\"collector\":\"\",\"children\":[]},{\"conceptid\":\"b1971f1b-8d61-46fe-a684-e22888d3e51d\",\"text\":\"Ukrainian\",\"id\":\"a13527a0-9481-406a-8bbc-3a04eff160a2\",\"sortorder\":\"\",\"collector\":\"\",\"children\":[]},{\"conceptid\":\"8f07534e-4e83-4944-a0f1-6c7c62606e50\",\"text\":\"Urdu\",\"id\":\"e3379aef-b8c6-45a4-ace4-bf8f5cebb2d9\",\"sortorder\":\"\",\"collector\":\"\",\"children\":[]},{\"conceptid\":\"5e17cea4-a1b3-42b7-83bd-f646569399d2\",\"text\":\"Walloon\",\"id\":\"d4974774-cf0a-4d81-ac49-266e27c0775f\",\"sortorder\":\"\",\"collector\":\"\",\"children\":[]},{\"conceptid\":\"820bf646-75b7-4c85-aab7-12438afbe163\",\"text\":\"Welsh\",\"id\":\"a8f1955e-04bc-4ce7-8279-ac924f73cacb\",\"sortorder\":\"\",\"collector\":\"\",\"children\":[]},{\"conceptid\":\"51414845-7d7f-49d7-a2f9-ec7cba5d3943\",\"text\":\"Western Frisian\",\"id\":\"a07d9476-f5fe-466c-8421-ff153d190e82\",\"sortorder\":\"\",\"collector\":\"\",\"children\":[]},{\"conceptid\":\"42a4c06b-ccd1-49c5-b607-c0bdd3751945\",\"text\":\"Yiddish\",\"id\":\"1cedd32d-9c75-4280-9502-4059dc2f531b\",\"sortorder\":\"\",\"collector\":\"\",\"children\":[]}]},{\"conceptid\":\"3f2f0896-aa38-4323-9c76-60f131a1bbb6\",\"text\":\"Japonic language family\",\"id\":\"6fd41e13-2a05-4ad0-a457-21478bf7b0ef\",\"sortorder\":\"\",\"collector\":\"\",\"children\":[{\"conceptid\":\"2e578d8c-3599-4778-a557-d71c8251100c\",\"text\":\"Japanese\",\"id\":\"a85f5c26-19a9-43fc-877c-fb2891daf3cd\",\"sortorder\":\"\",\"collector\":\"\",\"children\":[]}]},{\"conceptid\":\"8bce636e-d7b9-42de-9414-b96fcf8728ca\",\"text\":\"Koreanic language family\",\"id\":\"874d120e-d83c-4a23-ac46-e8247f9f8033\",\"sortorder\":\"\",\"collector\":\"\",\"children\":[{\"conceptid\":\"18f5088b-4310-48ea-8f1f-64b5880480f9\",\"text\":\"Korean\",\"id\":\"6dd9b35a-90e2-40a0-bdf6-1acec5cf3b5c\",\"sortorder\":\"\",\"collector\":\"\",\"children\":[]}]},{\"conceptid\":\"609b2063-2040-454e-a21c-0c7d2a5c65a7\",\"text\":\"Language isolate language family\",\"id\":\"e6207db6-5d49-4627-a69d-dd3397fc1c4d\",\"sortorder\":\"\",\"collector\":\"\",\"children\":[{\"conceptid\":\"8b359985-fc58-49a6-92af-fe083e77b95a\",\"text\":\"Basque\",\"id\":\"9e2f2ebe-8d32-4012-904f-894843419a0d\",\"sortorder\":\"\",\"collector\":\"\",\"children\":[]}]},{\"conceptid\":\"d686bcad-452b-450f-9f34-299fc542ea4c\",\"text\":\"Mongolic language family\",\"id\":\"83b08a35-0554-41cc-9a34-25ec7939fbd7\",\"sortorder\":\"\",\"collector\":\"\",\"children\":[{\"conceptid\":\"3315d5d9-910a-4be0-a223-a1b9318fb9f8\",\"text\":\"Mongolian\",\"id\":\"dd8fde96-30f5-4ada-99ac-33a16ac67797\",\"sortorder\":\"\",\"collector\":\"\",\"children\":[]}]},{\"conceptid\":\"e43453a6-efb4-4c82-99d5-7e60cf40e6a6\",\"text\":\"Niger-Congo language family\",\"id\":\"b4cb0f1b-d351-4240-9896-521c8ef86a9c\",\"sortorder\":\"\",\"collector\":\"\",\"children\":[{\"conceptid\":\"281199ae-a162-4fd6-8a03-dcaec367e4fd\",\"text\":\"Akan\",\"id\":\"860527a1-3a13-4b3a-a009-0c35681a5556\",\"sortorder\":\"\",\"collector\":\"\",\"children\":[]},{\"conceptid\":\"222395ae-8eb5-4fef-9a23-5adf1392c23d\",\"text\":\"Bambara\",\"id\":\"4ffca40a-49f6-4b59-aff5-a707c3394869\",\"sortorder\":\"\",\"collector\":\"\",\"children\":[]},{\"conceptid\":\"9a9e6a37-736c-49c3-be02-cf23ccd76e50\",\"text\":\"Chichewa | Chewa | Nyanja\",\"id\":\"0e789c49-8bb8-4699-a06d-74d80ebcb416\",\"sortorder\":\"\",\"collector\":\"\",\"children\":[]},{\"conceptid\":\"fcc16a01-636f-4ff3-8a42-9a3907f020e2\",\"text\":\"Ewe\",\"id\":\"15de9803-9589-4dcf-8564-1fe011207fc0\",\"sortorder\":\"\",\"collector\":\"\",\"children\":[]},{\"conceptid\":\"991e22c3-645c-4b15-a8bb-210ef56f2506\",\"text\":\"Fula | Fulah | Pulaar | Pular\",\"id\":\"8b235833-4563-4781-bb0f-ddb9e50d274a\",\"sortorder\":\"\",\"collector\":\"\",\"children\":[]},{\"conceptid\":\"1596e5ef-77e2-4390-9be2-b2a12282c170\",\"text\":\"Ganda\",\"id\":\"1090ffd4-5973-4c6a-b788-b1639b12c778\",\"sortorder\":\"\",\"collector\":\"\",\"children\":[]},{\"conceptid\":\"10c01555-713d-4027-98fb-aabf8ed48582\",\"text\":\"Herero\",\"id\":\"ef3ba4fd-faa2-4896-9200-74f9b263d5ca\",\"sortorder\":\"\",\"collector\":\"\",\"children\":[]},{\"conceptid\":\"ba57b257-8719-4ba2-ad7d-b76c6d3b5293\",\"text\":\"Igbo\",\"id\":\"f7c327e1-e834-40ec-b36d-4a600c8b2374\",\"sortorder\":\"\",\"collector\":\"\",\"children\":[]},{\"conceptid\":\"3b4b3ca1-4ac9-487c-a985-3a42421be627\",\"text\":\"Kikuyu | Gikuyu\",\"id\":\"be62e17f-f949-4cb7-af62-8370b8a98069\",\"sortorder\":\"\",\"collector\":\"\",\"children\":[]},{\"conceptid\":\"5960d988-5d77-42b2-a08c-00c631916127\",\"text\":\"Kinyarwanda\",\"id\":\"d0300d01-8356-4ce2-ac77-8f07cf53453d\",\"sortorder\":\"\",\"collector\":\"\",\"children\":[]},{\"conceptid\":\"b9d51b1f-54b2-4bfd-9454-2e6329fe57f1\",\"text\":\"Kirundi\",\"id\":\"2707ca42-24f6-4e1d-bf97-f455f94e54de\",\"sortorder\":\"\",\"collector\":\"\",\"children\":[]},{\"conceptid\":\"6c87c31f-6235-4520-8bc6-307b733a4630\",\"text\":\"Kongo\",\"id\":\"ab3f7226-2078-4347-9a9b-12879aedf632\",\"sortorder\":\"\",\"collector\":\"\",\"children\":[]},{\"conceptid\":\"7760ef20-d0c6-46b3-91ce-c527836fed4b\",\"text\":\"Kwanyama | Kuanyama\",\"id\":\"610e0e05-1d21-4c2e-8243-328c8b42e238\",\"sortorder\":\"\",\"collector\":\"\",\"children\":[]},{\"conceptid\":\"ddfeabcc-4abc-4093-b1ad-123c246d3581\",\"text\":\"Lingala\",\"id\":\"7834ce9c-09fd-4d77-83f0-d30f705de67c\",\"sortorder\":\"\",\"collector\":\"\",\"children\":[]},{\"conceptid\":\"b211057c-4bee-4b52-a34e-cc2ef48d199b\",\"text\":\"Luba-Katanga\",\"id\":\"49bf7414-fb09-4653-ac78-5a0f29e6a0b4\",\"sortorder\":\"\",\"collector\":\"\",\"children\":[]},{\"conceptid\":\"5a106e03-49f5-480c-828e-a172101bf219\",\"text\":\"Ndonga\",\"id\":\"de6e17e0-36a6-4ccb-ab47-c1f16bb2f676\",\"sortorder\":\"\",\"collector\":\"\",\"children\":[]},{\"conceptid\":\"4ea6785c-e196-404f-9275-3402a2c6fd20\",\"text\":\"Northern Ndebele\",\"id\":\"801f1b50-ee71-488b-aa50-c322d51ad09d\",\"sortorder\":\"\",\"collector\":\"\",\"children\":[]},{\"conceptid\":\"da09ea44-22ee-4b2c-b02b-378a789ff227\",\"text\":\"Shona\",\"id\":\"86ae9d84-7b28-40b4-9430-63a8bbeaceba\",\"sortorder\":\"\",\"collector\":\"\",\"children\":[]},{\"conceptid\":\"a0bb9b95-835c-451a-80c8-a114413ef7c1\",\"text\":\"Southern Ndebele\",\"id\":\"0460a6f1-b0aa-408e-9ae3-629e8a4e7ec5\",\"sortorder\":\"\",\"collector\":\"\",\"children\":[]},{\"conceptid\":\"7b39f0ce-33f4-4719-9b17-9a2814905077\",\"text\":\"Southern Sotho\",\"id\":\"d21908aa-a028-45d1-b3d3-d59e571b8fe8\",\"sortorder\":\"\",\"collector\":\"\",\"children\":[]},{\"conceptid\":\"0b6827ea-8e2b-45d0-9300-33c1fabf662b\",\"text\":\"Swahili\",\"id\":\"6779b52c-ffec-44c5-9bc8-d0c9e7ad4f46\",\"sortorder\":\"\",\"collector\":\"\",\"children\":[]},{\"conceptid\":\"e1f20427-ad71-4f89-9342-d0b0c106032b\",\"text\":\"Swati\",\"id\":\"4966adec-4136-404b-92b0-16158393a903\",\"sortorder\":\"\",\"collector\":\"\",\"children\":[]},{\"conceptid\":\"4c189f92-9ec8-4b69-8964-dbef60583628\",\"text\":\"Tsonga\",\"id\":\"8aed01ac-93fd-417e-b869-b6ec730d3a54\",\"sortorder\":\"\",\"collector\":\"\",\"children\":[]},{\"conceptid\":\"22607a0d-62dd-4845-be53-9eb730ac5179\",\"text\":\"Tswana\",\"id\":\"c6645849-8c89-45d4-a0bd-ef5801221bac\",\"sortorder\":\"\",\"collector\":\"\",\"children\":[]},{\"conceptid\":\"d0e4ce0d-65b0-4af5-888a-43b12a579dfa\",\"text\":\"Twi\",\"id\":\"b324456f-c12d-456b-944d-2c7d15b30d15\",\"sortorder\":\"\",\"collector\":\"\",\"children\":[]},{\"conceptid\":\"6d58e1a9-cf37-465b-b01c-6e1fb929f975\",\"text\":\"Venda\",\"id\":\"a1e43b69-e613-4dcc-97cf-261a52d80794\",\"sortorder\":\"\",\"collector\":\"\",\"children\":[]},{\"conceptid\":\"c3ef97b6-e62e-4adf-991a-f9ac52bffcc9\",\"text\":\"Wolof\",\"id\":\"59a13d4c-1705-41f9-b60d-b8720db056e1\",\"sortorder\":\"\",\"collector\":\"\",\"children\":[]},{\"conceptid\":\"eda4c1bd-a0aa-4fb8-88cf-a2b326dc2d9d\",\"text\":\"Xhosa\",\"id\":\"c7468986-9535-4c94-9c3e-5fec32055949\",\"sortorder\":\"\",\"collector\":\"\",\"children\":[]},{\"conceptid\":\"7ad158c4-55f8-41e0-9d42-a54b442dc967\",\"text\":\"Yoruba\",\"id\":\"1df42997-5066-48aa-97e3-95cc56ec0e9b\",\"sortorder\":\"\",\"collector\":\"\",\"children\":[]},{\"conceptid\":\"23249c31-1653-496c-80cd-a35724919c5f\",\"text\":\"Zulu\",\"id\":\"49d9ed46-4722-424a-9f50-71bfa794fcd7\",\"sortorder\":\"\",\"collector\":\"\",\"children\":[]}]},{\"conceptid\":\"5012c8fb-0723-4553-85ab-aa24a7912f47\",\"text\":\"Nilo-Saharan language family\",\"id\":\"ba46f332-c1ae-4dd4-bf17-67fcd20bfdef\",\"sortorder\":\"\",\"collector\":\"\",\"children\":[{\"conceptid\":\"f2d9d9c7-b2b4-401f-9c56-273a7e788c29\",\"text\":\"Kanuri\",\"id\":\"712591f3-1d33-4abd-a2b8-c67d9593f6f3\",\"sortorder\":\"\",\"collector\":\"\",\"children\":[]}]},{\"conceptid\":\"e2a69a16-c63e-4a9d-84e2-4d5676b3823a\",\"text\":\"Northeast Caucasian language family\",\"id\":\"ebc9cdf6-dc0b-462c-ada2-31f911a43a8f\",\"sortorder\":\"\",\"collector\":\"\",\"children\":[{\"conceptid\":\"e0c6c31c-5d99-4cae-b8ba-0cb21f503f1c\",\"text\":\"Avaric\",\"id\":\"7f2751c2-d527-4896-9936-183ebd0a7fa9\",\"sortorder\":\"\",\"collector\":\"\",\"children\":[]},{\"conceptid\":\"6aef6a01-754f-4c48-b92b-ec475e4d8918\",\"text\":\"Chechen\",\"id\":\"5354025e-b83a-405e-8271-9aeeb608ee0b\",\"sortorder\":\"\",\"collector\":\"\",\"children\":[]}]},{\"conceptid\":\"e57fb1ae-c93c-433d-97e0-ee555f810231\",\"text\":\"Northwest Caucasian language family\",\"id\":\"b21fdcbb-8673-42af-bb5f-47a113117c26\",\"sortorder\":\"\",\"collector\":\"\",\"children\":[{\"conceptid\":\"fc51a57c-37cf-4b2f-9b44-7120c50d1576\",\"text\":\"Abkhaz\",\"id\":\"0afb21b4-9fe5-4227-a676-395f2a09d323\",\"sortorder\":\"\",\"collector\":\"\",\"children\":[]}]},{\"conceptid\":\"0d59e16e-7a1a-4b38-a652-ffbe7150a188\",\"text\":\"Quechuan language family\",\"id\":\"4d0fbce1-2be8-4a54-8426-06720c2d95b7\",\"sortorder\":\"\",\"collector\":\"\",\"children\":[{\"conceptid\":\"d34c876c-ef96-45d7-8366-dc03ed714509\",\"text\":\"Quechua\",\"id\":\"9f52c5da-c86b-4b18-b6a1-49d03c77fd4f\",\"sortorder\":\"\",\"collector\":\"\",\"children\":[]}]},{\"conceptid\":\"7052b680-886d-4634-92c9-ed9e8f13e593\",\"text\":\"Sino-Tibetan language family\",\"id\":\"3ac5810d-6a8e-4f9f-b7e7-02d0a9c0414e\",\"sortorder\":\"\",\"collector\":\"\",\"children\":[{\"conceptid\":\"aa7b5bf9-20c8-45e1-aeba-50fa877e5a28\",\"text\":\"Burmese\",\"id\":\"a940a867-49d6-4ec0-b31d-6a7135d125c5\",\"sortorder\":\"\",\"collector\":\"\",\"children\":[]},{\"conceptid\":\"4e92de6c-15d3-4763-845a-30a6dbfe5074\",\"text\":\"Chinese\",\"id\":\"ab027d64-7ef7-4368-b514-6a4c49dbd039\",\"sortorder\":\"\",\"collector\":\"\",\"children\":[]},{\"conceptid\":\"e819ccb4-48dc-47a2-82e3-9366bbef0930\",\"text\":\"Dzongkha\",\"id\":\"17c75ae0-7f93-4883-ac9a-4fd9f7493e5b\",\"sortorder\":\"\",\"collector\":\"\",\"children\":[]},{\"conceptid\":\"527f0852-f7db-4e20-86b2-d155fe48614d\",\"text\":\"Nuosu\",\"id\":\"0da8223d-1042-4827-944b-c6ab0a966621\",\"sortorder\":\"\",\"collector\":\"\",\"children\":[]},{\"conceptid\":\"bc49fb52-087f-4a13-9417-df3abfc524c0\",\"text\":\"Tibetan Standard | Tibetan | Central\",\"id\":\"32c73dba-cf2d-405c-84d3-e2ddfcef9334\",\"sortorder\":\"\",\"collector\":\"\",\"children\":[]}]},{\"conceptid\":\"316bb7e7-6739-4e4f-8e53-5575c62c3049\",\"text\":\"South Caucasian language family\",\"id\":\"65a931f6-ff04-43d4-aed6-1c15a4ad16dd\",\"sortorder\":\"\",\"collector\":\"\",\"children\":[{\"conceptid\":\"1e0b5237-ae17-440e-97db-1b4210d7e43f\",\"text\":\"Georgian\",\"id\":\"3f9b379e-ae37-4d6b-a75b-f6bc3c4a0fbb\",\"sortorder\":\"\",\"collector\":\"\",\"children\":[]}]},{\"conceptid\":\"57d0be13-c9d9-4c38-9121-540d6cbff7e3\",\"text\":\"Tai-Kadai language family\",\"id\":\"00ba0666-e8f9-49d4-a14d-c835a6290cbe\",\"sortorder\":\"\",\"collector\":\"\",\"children\":[{\"conceptid\":\"3ea9da57-d5ba-4f54-a2fd-354458a55992\",\"text\":\"Lao\",\"id\":\"ae35ff04-7943-4301-9f32-62aefba5ea63\",\"sortorder\":\"\",\"collector\":\"\",\"children\":[]},{\"conceptid\":\"48651ec6-58f5-4623-81be-a872befba352\",\"text\":\"Thai\",\"id\":\"c1b4d8dc-6729-4fcc-8c77-8980404a9f96\",\"sortorder\":\"\",\"collector\":\"\",\"children\":[]},{\"conceptid\":\"bbc79f3c-5cb3-4b13-8ccd-f524e10082c8\",\"text\":\"Zhuang | Chuang\",\"id\":\"d9598c93-78cc-4ffb-997d-afae6a317231\",\"sortorder\":\"\",\"collector\":\"\",\"children\":[]}]},{\"conceptid\":\"10f1c438-955b-4744-8213-9e80dfb6eb39\",\"text\":\"Tupian language family\",\"id\":\"6358b62d-10dc-4ff1-8faa-8f3eb2596e66\",\"sortorder\":\"\",\"collector\":\"\",\"children\":[{\"conceptid\":\"cb03409a-f232-4899-9306-f1432d6f15af\",\"text\":\"Guarani\",\"id\":\"941f2588-f153-4fd6-a759-8730d10ebfec\",\"sortorder\":\"\",\"collector\":\"\",\"children\":[]}]},{\"conceptid\":\"19872121-760c-480e-95fa-6120472596f3\",\"text\":\"Turkic language family\",\"id\":\"2c491c2c-0f2d-4e05-9681-4865baeb667f\",\"sortorder\":\"\",\"collector\":\"\",\"children\":[{\"conceptid\":\"fecb46fd-b023-4488-b7a2-d437f5063546\",\"text\":\"Azerbaijani\",\"id\":\"b9e7ed67-cc3f-46e4-af41-4d2bd4c8a0e5\",\"sortorder\":\"\",\"collector\":\"\",\"children\":[]},{\"conceptid\":\"bc63d60f-38f6-4859-ab16-3b39c007dd28\",\"text\":\"Bashkir\",\"id\":\"3b034cc2-e6fe-4c6d-8c50-5532a6480635\",\"sortorder\":\"\",\"collector\":\"\",\"children\":[]},{\"conceptid\":\"621394b9-3a6a-4a06-a23b-32f47f8f27ae\",\"text\":\"Chuvash\",\"id\":\"ec3f2b73-0986-479c-8bca-ddca9a22c9ad\",\"sortorder\":\"\",\"collector\":\"\",\"children\":[]},{\"conceptid\":\"d17d57d8-9a75-4d64-afab-750db07453d1\",\"text\":\"Kazakh\",\"id\":\"f25bed45-7a64-4c60-aacc-10cc4510e756\",\"sortorder\":\"\",\"collector\":\"\",\"children\":[]},{\"conceptid\":\"fc5bae84-45d9-4601-a13c-f050320178a7\",\"text\":\"Kyrgyz\",\"id\":\"93179fe4-4168-419a-af7f-e2b0c6d635c5\",\"sortorder\":\"\",\"collector\":\"\",\"children\":[]},{\"conceptid\":\"6e32c176-223a-4aa8-9a68-363ac5a510ac\",\"text\":\"Tatar\",\"id\":\"ee21caf2-3b2e-4836-aa9d-377a7a51972f\",\"sortorder\":\"\",\"collector\":\"\",\"children\":[]},{\"conceptid\":\"80aa263b-d790-4e49-bcc5-3b927182eea0\",\"text\":\"Turkish\",\"id\":\"4011874e-bacd-445f-b137-15c31d438f11\",\"sortorder\":\"\",\"collector\":\"\",\"children\":[]},{\"conceptid\":\"3ef9894e-a86f-43f5-a889-87154ed01359\",\"text\":\"Turkmen\",\"id\":\"05bbb79a-815c-4de6-a719-0a083210f82a\",\"sortorder\":\"\",\"collector\":\"\",\"children\":[]},{\"conceptid\":\"d4c2c7d7-622b-4de2-a8e5-96daee6c8069\",\"text\":\"Uyghur | Uighur\",\"id\":\"203bdf51-a895-4dcc-9127-843fba1c2e71\",\"sortorder\":\"\",\"collector\":\"\",\"children\":[]},{\"conceptid\":\"0019de17-84b7-4066-af3a-8528c48bcd9a\",\"text\":\"Uzbek\",\"id\":\"d1f3b350-bd82-49bb-bcca-ae7fd661db7d\",\"sortorder\":\"\",\"collector\":\"\",\"children\":[]}]},{\"conceptid\":\"b3cdf680-07e6-49ff-9d8b-021639080252\",\"text\":\"Uralic language family\",\"id\":\"be9578d1-dac9-405a-9647-3dae625bb5b1\",\"sortorder\":\"\",\"collector\":\"\",\"children\":[{\"conceptid\":\"88da857a-d45b-4c71-9add-4181e963e5e6\",\"text\":\"Estonian\",\"id\":\"1070975a-b761-4ad1-9738-a016af4f5d91\",\"sortorder\":\"\",\"collector\":\"\",\"children\":[]},{\"conceptid\":\"23f296c9-69c6-4625-ae0e-543f8eb30c3c\",\"text\":\"Finnish\",\"id\":\"cb704cd2-cbf2-46c8-bebf-492093002996\",\"sortorder\":\"\",\"collector\":\"\",\"children\":[]},{\"conceptid\":\"2a7c44d8-52e7-4b86-8c17-680e04ce0602\",\"text\":\"Hungarian\",\"id\":\"3777381f-fb12-451b-bcbd-9c0356edd738\",\"sortorder\":\"\",\"collector\":\"\",\"children\":[]},{\"conceptid\":\"1cd8d0f3-d024-4e2a-b3a3-8f8dae01518f\",\"text\":\"Komi\",\"id\":\"57627bc7-bf42-44e9-9f5f-3cc1d468b442\",\"sortorder\":\"\",\"collector\":\"\",\"children\":[]},{\"conceptid\":\"a474262b-add2-41f7-865c-71e9cf8a85e2\",\"text\":\"Northern Sami\",\"id\":\"4969df44-e44f-4d30-8eda-4e84607c8a30\",\"sortorder\":\"\",\"collector\":\"\",\"children\":[]}]}],\"label\":\"Language\"}", 
                    "id": "37e528cc-b8f2-11e6-84a5-026d961c88e6", 
                    "label": "Language", 
                    "node_id": "53f6b7cb-9b00-11e6-84a5-026d961c88e6", 
                    "sortorder": 0, 
                    "widget_id": "10000000-0000-0000-0000-000000000012"
                }
            ], 
            "deploymentdate": null, 
            "deploymentfile": null, 
            "description": "This branch describes the language of an Information Resource.", 
            "edges": [
                {
                    "description": null, 
                    "domainnode_id": "d08dd1f2-9aff-11e6-84a5-026d961c88e6", 
                    "edgeid": "53f6b7cc-9b00-11e6-84a5-026d961c88e6", 
                    "graph_id": "d08dd1f3-9aff-11e6-84a5-026d961c88e6", 
                    "name": null, 
                    "ontologyproperty": "http://www.cidoc-crm.org/cidoc-crm/P72_has_language", 
                    "rangenode_id": "53f6b7cb-9b00-11e6-84a5-026d961c88e6"
                }
            ], 
            "forms": [], 
            "forms_x_cards": [], 
            "functions": [], 
            "graphid": "d08dd1f3-9aff-11e6-84a5-026d961c88e6", 
            "iconclass": "fa fa-language", 
            "isactive": true, 
            "isresource": false, 
            "mapfeaturecolor": "rgba(255,0.0,0.0,1.0)", 
            "maplinewidth": 1, 
            "mappointsize": 4, 
            "name": "Language", 
            "nodegroups": [
                {
                    "cardinality": "n", 
                    "legacygroupid": null, 
                    "nodegroupid": "d08dd1f2-9aff-11e6-84a5-026d961c88e6", 
                    "parentnodegroup_id": null
                }
            ], 
            "nodes": [
                {
                    "config": {
                        "rdmCollection": "b539ba8b-2b70-45fb-8373-25fbfb652910"
                    }, 
                    "datatype": "concept-list", 
                    "description": "Represents a single node in a graph", 
                    "graph_id": "d08dd1f3-9aff-11e6-84a5-026d961c88e6", 
                    "is_collector": false, 
                    "istopnode": false, 
                    "name": "Language_Type", 
                    "nodegroup_id": "d08dd1f2-9aff-11e6-84a5-026d961c88e6", 
                    "nodeid": "53f6b7cb-9b00-11e6-84a5-026d961c88e6", 
                    "ontologyclass": "http://www.cidoc-crm.org/cidoc-crm/E56_Language", 
                    "parentproperty": "http://www.cidoc-crm.org/cidoc-crm/P72_has_language"
                }, 
                {
                    "config": null, 
                    "datatype": "semantic", 
                    "description": "", 
                    "graph_id": "d08dd1f3-9aff-11e6-84a5-026d961c88e6", 
                    "is_collector": true, 
                    "istopnode": true, 
                    "name": "Linguistic_Object", 
                    "nodegroup_id": "d08dd1f2-9aff-11e6-84a5-026d961c88e6", 
                    "nodeid": "d08dd1f2-9aff-11e6-84a5-026d961c88e6", 
                    "ontologyclass": "http://www.cidoc-crm.org/cidoc-crm/E33_Linguistic_Object", 
                    "parentproperty": ""
                }
            ], 
            "ontology_id": "e6e8db47-2ccf-11e6-927e-b8f6b115d7dd", 
            "reports": [], 
            "root": {
                "config": null, 
                "datatype": "semantic", 
                "description": "", 
                "graph_id": "d08dd1f3-9aff-11e6-84a5-026d961c88e6", 
                "is_collector": true, 
                "istopnode": true, 
                "name": "Linguistic_Object", 
                "nodegroup_id": "d08dd1f2-9aff-11e6-84a5-026d961c88e6", 
                "nodeid": "d08dd1f2-9aff-11e6-84a5-026d961c88e6", 
                "ontologyclass": "http://www.cidoc-crm.org/cidoc-crm/E33_Linguistic_Object", 
                "parentproperty": ""
            }, 
            "subtitle": "Describes the language of an Information Resource", 
            "version": ""
        }
    ], 
    "metadata": {
        "db": "PostgreSQL 9.6.0 on x86_64-pc-linux-gnu, compiled by gcc (Ubuntu 5.3.1-14ubuntu2) 5.3.1 20160413, 64-bit", 
        "git hash": "ff93bd9 2017-01-24 10:17:51 -0800", 
        "os": "Linux", 
        "os version": "4.4.0-45-generic"
    }
}