{
    "graph": [
        {
            "author": " GCI", 
            "cards": [
                {
                    "active": true, 
                    "cardid": "9bda3165-97cb-11e6-84a5-026d961c88e6", 
                    "description": "Describes the physical location of a heritage resource or heritage resource group.  Includes extra nodes for cadastral information.\n\nRelates to Heritage Resource E18 with P53\nRelates to Heritage Resource Group E27 with P89\n", 
                    "graph_id": "9bda3163-97cb-11e6-84a5-026d961c88e6", 
                    "helpenabled": false, 
                    "helptext": null, 
                    "helptitle": null, 
                    "instructions": null, 
                    "name": "Place 1", 
                    "nodegroup_id": "9bda3162-97cb-11e6-84a5-026d961c88e6", 
                    "sortorder": null, 
                    "visible": true
                }, 
                {
                    "active": true, 
                    "cardid": "0376b1f2-ac68-11e6-84a5-026d961c88e6", 
                    "description": "Represents a single node in a graph", 
                    "graph_id": "9bda3163-97cb-11e6-84a5-026d961c88e6", 
                    "helpenabled": false, 
                    "helptext": null, 
                    "helptitle": null, 
                    "instructions": "Enter the cadastral reference number.", 
                    "name": "Cadastral Reference", 
                    "nodegroup_id": "17a4f83f-ab92-11e6-84a5-026d961c88e6", 
                    "sortorder": 5, 
                    "visible": true
                }, 
                {
                    "active": true, 
                    "cardid": "0ecc5b56-ac68-11e6-84a5-026d961c88e6", 
                    "description": "Represents a single node in a graph", 
                    "graph_id": "9bda3163-97cb-11e6-84a5-026d961c88e6", 
                    "helpenabled": false, 
                    "helptext": null, 
                    "helptitle": null, 
                    "instructions": "For Historic Resources only, define the setting of the historic resource.", 
                    "name": "Setting Type", 
                    "nodegroup_id": "402522d9-ac60-11e6-84a5-026d961c88e6", 
                    "sortorder": 3, 
                    "visible": true
                }, 
                {
                    "active": true, 
                    "cardid": "45316ce0-ac68-11e6-84a5-026d961c88e6", 
                    "description": "Represents a single node in a graph", 
                    "graph_id": "9bda3163-97cb-11e6-84a5-026d961c88e6", 
                    "helpenabled": false, 
                    "helptext": null, 
                    "helptitle": null, 
                    "instructions": "Define the spatial location.", 
                    "name": "Spatial Location", 
                    "nodegroup_id": "2316fedf-97cd-11e6-84a5-026d961c88e6", 
                    "sortorder": 0, 
                    "visible": true
                }, 
                {
                    "active": true, 
                    "cardid": "eff18332-ac67-11e6-84a5-026d961c88e6", 
                    "description": "Represents a single node in a graph", 
                    "graph_id": "9bda3163-97cb-11e6-84a5-026d961c88e6", 
                    "helpenabled": false, 
                    "helptext": null, 
                    "helptitle": null, 
                    "instructions": "Enter the address of the location.", 
                    "name": "Address", 
                    "nodegroup_id": "f77d6fbb-97cc-11e6-84a5-026d961c88e6", 
                    "sortorder": 1, 
                    "visible": true
                }, 
                {
                    "active": true, 
                    "cardid": "adc10e16-ac66-11e6-84a5-026d961c88e6", 
                    "description": "Represents a single node in a graph", 
                    "graph_id": "9bda3163-97cb-11e6-84a5-026d961c88e6", 
                    "helpenabled": false, 
                    "helptext": null, 
                    "helptitle": null, 
                    "instructions": "Describe the location of the resource.", 
                    "name": "Description Location", 
                    "nodegroup_id": "86cc8e77-ab91-11e6-84a5-026d961c88e6", 
                    "sortorder": 4, 
                    "visible": true
                }, 
                {
                    "active": true, 
                    "cardid": "64951704-ac67-11e6-84a5-026d961c88e6", 
                    "description": "Represents a single node in a graph", 
                    "graph_id": "9bda3163-97cb-11e6-84a5-026d961c88e6", 
                    "helpenabled": false, 
                    "helptext": null, 
                    "helptitle": null, 
                    "instructions": "Select the administrative/governmental subdivision name and type.", 
                    "name": "Administration Subdivision", 
                    "nodegroup_id": "deeb8c5b-ab92-11e6-84a5-026d961c88e6", 
                    "sortorder": 2, 
                    "visible": true
                }
            ], 
            "cards_x_nodes_x_widgets": [], 
            "deploymentdate": null, 
            "deploymentfile": null, 
            "description": "Describes the physical location of a heritage resource or heritage resource group.  Includes extra nodes for cadastral information.\n\nRelates to Heritage Resource E18 with P53\nRelates to Heritage Resource Group E27 with P89\n", 
            "edges": [
                {
                    "description": null, 
                    "domainnode_id": "86cc8e77-ab91-11e6-84a5-026d961c88e6", 
                    "edgeid": "c66b4c68-ab91-11e6-84a5-026d961c88e6", 
                    "graph_id": "9bda3163-97cb-11e6-84a5-026d961c88e6", 
                    "name": null, 
                    "ontologyproperty": "http://www.cidoc-crm.org/cidoc-crm/P3_has_note", 
                    "rangenode_id": "c66b4c67-ab91-11e6-84a5-026d961c88e6"
                }, 
                {
                    "description": null, 
                    "domainnode_id": "deeb8c5b-ab92-11e6-84a5-026d961c88e6", 
                    "edgeid": "00125f64-ab93-11e6-84a5-026d961c88e6", 
                    "graph_id": "9bda3163-97cb-11e6-84a5-026d961c88e6", 
                    "name": null, 
                    "ontologyproperty": "http://www.cidoc-crm.org/cidoc-crm/P87_is_identified_by", 
                    "rangenode_id": "00125f63-ab93-11e6-84a5-026d961c88e6"
                }, 
                {
                    "description": null, 
                    "domainnode_id": "9bda3162-97cb-11e6-84a5-026d961c88e6", 
                    "edgeid": "17a4f840-ab92-11e6-84a5-026d961c88e6", 
                    "graph_id": "9bda3163-97cb-11e6-84a5-026d961c88e6", 
                    "name": null, 
                    "ontologyproperty": "http://www.cidoc-crm.org/cidoc-crm/P87_is_identified_by", 
                    "rangenode_id": "17a4f83f-ab92-11e6-84a5-026d961c88e6"
                }, 
                {
                    "description": null, 
                    "domainnode_id": "2316fedf-97cd-11e6-84a5-026d961c88e6", 
                    "edgeid": "4e3b83fc-97cd-11e6-84a5-026d961c88e6", 
                    "graph_id": "9bda3163-97cb-11e6-84a5-026d961c88e6", 
                    "name": null, 
                    "ontologyproperty": "http://www.cidoc-crm.org/cidoc-crm/P2_has_type", 
                    "rangenode_id": "4e3b83fb-97cd-11e6-84a5-026d961c88e6"
                }, 
                {
                    "description": null, 
                    "domainnode_id": "deeb8c5b-ab92-11e6-84a5-026d961c88e6", 
                    "edgeid": "32d3a994-ab93-11e6-84a5-026d961c88e6", 
                    "graph_id": "9bda3163-97cb-11e6-84a5-026d961c88e6", 
                    "name": null, 
                    "ontologyproperty": "http://www.cidoc-crm.org/cidoc-crm/P2_has_type", 
                    "rangenode_id": "32d3a993-ab93-11e6-84a5-026d961c88e6"
                }, 
                {
                    "description": null, 
                    "domainnode_id": "f77d6fbb-97cc-11e6-84a5-026d961c88e6", 
                    "edgeid": "0fd2032a-97cd-11e6-84a5-026d961c88e6", 
                    "graph_id": "9bda3163-97cb-11e6-84a5-026d961c88e6", 
                    "name": null, 
                    "ontologyproperty": "http://www.cidoc-crm.org/cidoc-crm/P2_has_type", 
                    "rangenode_id": "0fd20329-97cd-11e6-84a5-026d961c88e6"
                }, 
                {
                    "description": null, 
                    "domainnode_id": "9bda3162-97cb-11e6-84a5-026d961c88e6", 
                    "edgeid": "402522da-ac60-11e6-84a5-026d961c88e6", 
                    "graph_id": "9bda3163-97cb-11e6-84a5-026d961c88e6", 
                    "name": null, 
                    "ontologyproperty": "http://www.cidoc-crm.org/cidoc-crm/P2_has_type", 
                    "rangenode_id": "402522d9-ac60-11e6-84a5-026d961c88e6"
                }, 
                {
                    "description": null, 
                    "domainnode_id": "9bda3162-97cb-11e6-84a5-026d961c88e6", 
                    "edgeid": "deeb8c5c-ab92-11e6-84a5-026d961c88e6", 
                    "graph_id": "9bda3163-97cb-11e6-84a5-026d961c88e6", 
                    "name": null, 
                    "ontologyproperty": "http://www.cidoc-crm.org/cidoc-crm/P89_falls_within", 
                    "rangenode_id": "deeb8c5b-ab92-11e6-84a5-026d961c88e6"
                }, 
                {
                    "description": null, 
                    "domainnode_id": "9bda3162-97cb-11e6-84a5-026d961c88e6", 
                    "edgeid": "f77d6fbc-97cc-11e6-84a5-026d961c88e6", 
                    "graph_id": "9bda3163-97cb-11e6-84a5-026d961c88e6", 
                    "name": null, 
                    "ontologyproperty": "http://www.cidoc-crm.org/cidoc-crm/P87_is_identified_by", 
                    "rangenode_id": "f77d6fbb-97cc-11e6-84a5-026d961c88e6"
                }, 
                {
                    "description": null, 
                    "domainnode_id": "9bda3162-97cb-11e6-84a5-026d961c88e6", 
                    "edgeid": "86cc8e78-ab91-11e6-84a5-026d961c88e6", 
                    "graph_id": "9bda3163-97cb-11e6-84a5-026d961c88e6", 
                    "name": null, 
                    "ontologyproperty": "http://www.cidoc-crm.org/cidoc-crm/P140i_was_attributed_by", 
                    "rangenode_id": "86cc8e77-ab91-11e6-84a5-026d961c88e6"
                }, 
                {
                    "description": null, 
                    "domainnode_id": "9bda3162-97cb-11e6-84a5-026d961c88e6", 
                    "edgeid": "2316fee0-97cd-11e6-84a5-026d961c88e6", 
                    "graph_id": "9bda3163-97cb-11e6-84a5-026d961c88e6", 
                    "name": null, 
                    "ontologyproperty": "http://www.cidoc-crm.org/cidoc-crm/P87_is_identified_by", 
                    "rangenode_id": "2316fedf-97cd-11e6-84a5-026d961c88e6"
                }
            ], 
            "forms": [], 
            "forms_x_cards": [], 
            "functions": [], 
            "graphid": "9bda3163-97cb-11e6-84a5-026d961c88e6", 
            "iconclass": "fa fa-map-marker", 
            "isactive": true, 
            "isresource": false, 
            "mapfeaturecolor": "rgba(255,0.0,0.0,1.0)", 
            "maplinewidth": 1, 
            "mappointsize": 4, 
            "name": "Place 1", 
            "nodegroups": [
                {
                    "cardinality": "n", 
                    "legacygroupid": null, 
                    "nodegroupid": "f77d6fbb-97cc-11e6-84a5-026d961c88e6", 
                    "parentnodegroup_id": "9bda3162-97cb-11e6-84a5-026d961c88e6"
                }, 
                {
                    "cardinality": "1", 
                    "legacygroupid": null, 
                    "nodegroupid": "2316fedf-97cd-11e6-84a5-026d961c88e6", 
                    "parentnodegroup_id": "9bda3162-97cb-11e6-84a5-026d961c88e6"
                }, 
                {
                    "cardinality": "n", 
                    "legacygroupid": null, 
                    "nodegroupid": "17a4f83f-ab92-11e6-84a5-026d961c88e6", 
                    "parentnodegroup_id": "9bda3162-97cb-11e6-84a5-026d961c88e6"
                }, 
                {
                    "cardinality": "n", 
                    "legacygroupid": null, 
                    "nodegroupid": "402522d9-ac60-11e6-84a5-026d961c88e6", 
                    "parentnodegroup_id": "9bda3162-97cb-11e6-84a5-026d961c88e6"
                }, 
                {
                    "cardinality": "1", 
                    "legacygroupid": null, 
                    "nodegroupid": "86cc8e77-ab91-11e6-84a5-026d961c88e6", 
                    "parentnodegroup_id": "9bda3162-97cb-11e6-84a5-026d961c88e6"
                }, 
                {
                    "cardinality": "1", 
                    "legacygroupid": null, 
                    "nodegroupid": "9bda3162-97cb-11e6-84a5-026d961c88e6", 
                    "parentnodegroup_id": null
                }, 
                {
                    "cardinality": "n", 
                    "legacygroupid": null, 
                    "nodegroupid": "deeb8c5b-ab92-11e6-84a5-026d961c88e6", 
                    "parentnodegroup_id": "9bda3162-97cb-11e6-84a5-026d961c88e6"
                }
            ], 
            "nodes": [
                {
                    "config": null, 
                    "datatype": "semantic", 
                    "description": "", 
                    "graph_id": "9bda3163-97cb-11e6-84a5-026d961c88e6", 
                    "is_collector": true, 
                    "istopnode": true, 
                    "name": "Place", 
                    "nodegroup_id": "9bda3162-97cb-11e6-84a5-026d961c88e6", 
                    "nodeid": "9bda3162-97cb-11e6-84a5-026d961c88e6", 
                    "ontologyclass": "http://www.cidoc-crm.org/cidoc-crm/E53_Place", 
                    "parentproperty": ""
                }, 
                {
                    "config": {
                        "addToMap": false, 
                        "advancedStyle": "", 
                        "advancedStyling": false, 
                        "autoManageCache": false, 
                        "cacheTiles": false, 
                        "clusterDistance": 20, 
                        "clusterMaxZoom": 5, 
                        "clusterMinPoints": 3, 
                        "fillColor": "rgba(130, 130, 130, 0.5)", 
                        "haloRadius": 4, 
                        "haloWeight": 4, 
                        "layerActivated": true, 
                        "layerIcon": "", 
                        "layerName": "", 
                        "lineColor": "rgba(130, 130, 130, 0.7)", 
                        "lineHaloColor": "rgba(200, 200, 200, 0.5)", 
                        "outlineColor": "rgba(200, 200, 200, 0.7)", 
                        "outlineWeight": 2, 
                        "pointColor": "rgba(130, 130, 130, 0.7)", 
                        "pointHaloColor": "rgba(200, 200, 200, 0.5)", 
                        "radius": 2, 
                        "weight": 2
                    }, 
                    "datatype": "geojson-feature-collection", 
                    "description": "Represents a single node in a graph", 
                    "graph_id": "9bda3163-97cb-11e6-84a5-026d961c88e6", 
                    "is_collector": true, 
                    "istopnode": false, 
                    "name": "Spatial Coordinates Geometry", 
                    "nodegroup_id": "2316fedf-97cd-11e6-84a5-026d961c88e6", 
                    "nodeid": "2316fedf-97cd-11e6-84a5-026d961c88e6", 
                    "ontologyclass": "http://www.cidoc-crm.org/cidoc-crm/E47_Spatial_Coordinates", 
                    "parentproperty": "http://www.cidoc-crm.org/cidoc-crm/P87_is_identified_by"
                }, 
                {
                    "config": {
                        "rdmCollection": null
                    }, 
                    "datatype": "concept", 
                    "description": "Represents a single node in a graph", 
                    "graph_id": "9bda3163-97cb-11e6-84a5-026d961c88e6", 
                    "is_collector": false, 
                    "istopnode": false, 
                    "name": "Geometry Qualifier", 
                    "nodegroup_id": "2316fedf-97cd-11e6-84a5-026d961c88e6", 
                    "nodeid": "4e3b83fb-97cd-11e6-84a5-026d961c88e6", 
                    "ontologyclass": "http://www.cidoc-crm.org/cidoc-crm/E55_Type", 
                    "parentproperty": "http://www.cidoc-crm.org/cidoc-crm/P2_has_type"
                }, 
                {
                    "config": null, 
                    "datatype": "string", 
                    "description": "Represents a single node in a graph", 
                    "graph_id": "9bda3163-97cb-11e6-84a5-026d961c88e6", 
                    "is_collector": false, 
                    "istopnode": false, 
                    "name": "Administrative Subdivision Name", 
                    "nodegroup_id": "deeb8c5b-ab92-11e6-84a5-026d961c88e6", 
                    "nodeid": "00125f63-ab93-11e6-84a5-026d961c88e6", 
                    "ontologyclass": "http://www.cidoc-crm.org/cidoc-crm/E44_Place_Appellation", 
                    "parentproperty": "http://www.cidoc-crm.org/cidoc-crm/P87_is_identified_by"
                }, 
                {
                    "config": {
                        "rdmCollection": null
                    }, 
                    "datatype": "concept", 
                    "description": "Represents a single node in a graph", 
                    "graph_id": "9bda3163-97cb-11e6-84a5-026d961c88e6", 
                    "is_collector": true, 
                    "istopnode": false, 
                    "name": "Setting Type", 
                    "nodegroup_id": "402522d9-ac60-11e6-84a5-026d961c88e6", 
                    "nodeid": "402522d9-ac60-11e6-84a5-026d961c88e6", 
                    "ontologyclass": "http://www.cidoc-crm.org/cidoc-crm/E55_Type", 
                    "parentproperty": "http://www.cidoc-crm.org/cidoc-crm/P2_has_type"
                }, 
                {
                    "config": null, 
                    "datatype": "string", 
                    "description": "Represents a single node in a graph", 
                    "graph_id": "9bda3163-97cb-11e6-84a5-026d961c88e6", 
                    "is_collector": true, 
                    "istopnode": false, 
                    "name": "Cadastral Reference", 
                    "nodegroup_id": "17a4f83f-ab92-11e6-84a5-026d961c88e6", 
                    "nodeid": "17a4f83f-ab92-11e6-84a5-026d961c88e6", 
                    "ontologyclass": "http://www.cidoc-crm.org/cidoc-crm/E44_Place_Appellation", 
                    "parentproperty": "http://www.cidoc-crm.org/cidoc-crm/P87_is_identified_by"
                }, 
                {
                    "config": null, 
                    "datatype": "string", 
                    "description": "Represents a single node in a graph", 
                    "graph_id": "9bda3163-97cb-11e6-84a5-026d961c88e6", 
                    "is_collector": true, 
                    "istopnode": false, 
                    "name": "Place Address", 
                    "nodegroup_id": "f77d6fbb-97cc-11e6-84a5-026d961c88e6", 
                    "nodeid": "f77d6fbb-97cc-11e6-84a5-026d961c88e6", 
                    "ontologyclass": "http://www.cidoc-crm.org/cidoc-crm/E45_Address", 
                    "parentproperty": "http://www.cidoc-crm.org/cidoc-crm/P87_is_identified_by"
                }, 
                {
                    "config": null, 
                    "datatype": "semantic", 
                    "description": "Represents a single node in a graph", 
                    "graph_id": "9bda3163-97cb-11e6-84a5-026d961c88e6", 
                    "is_collector": true, 
                    "istopnode": false, 
                    "name": "Place Description Assignment", 
                    "nodegroup_id": "86cc8e77-ab91-11e6-84a5-026d961c88e6", 
                    "nodeid": "86cc8e77-ab91-11e6-84a5-026d961c88e6", 
                    "ontologyclass": "http://www.cidoc-crm.org/cidoc-crm/E13_Attribute_Assignment", 
                    "parentproperty": "http://www.cidoc-crm.org/cidoc-crm/P140i_was_attributed_by"
                }, 
                {
                    "config": null, 
                    "datatype": "string", 
                    "description": "Represents a single node in a graph", 
                    "graph_id": "9bda3163-97cb-11e6-84a5-026d961c88e6", 
                    "is_collector": false, 
                    "istopnode": false, 
                    "name": "Place Description", 
                    "nodegroup_id": "86cc8e77-ab91-11e6-84a5-026d961c88e6", 
                    "nodeid": "c66b4c67-ab91-11e6-84a5-026d961c88e6", 
                    "ontologyclass": "http://www.cidoc-crm.org/cidoc-crm/E62_String", 
                    "parentproperty": "http://www.cidoc-crm.org/cidoc-crm/P3_has_note"
                }, 
                {
                    "config": null, 
                    "datatype": "semantic", 
                    "description": "Represents a single node in a graph", 
                    "graph_id": "9bda3163-97cb-11e6-84a5-026d961c88e6", 
                    "is_collector": true, 
                    "istopnode": false, 
                    "name": "Administration Subdivision", 
                    "nodegroup_id": "deeb8c5b-ab92-11e6-84a5-026d961c88e6", 
                    "nodeid": "deeb8c5b-ab92-11e6-84a5-026d961c88e6", 
                    "ontologyclass": "http://www.cidoc-crm.org/cidoc-crm/E53_Place", 
                    "parentproperty": "http://www.cidoc-crm.org/cidoc-crm/P89_falls_within"
                }, 
                {
                    "config": {
                        "rdmCollection": null
                    }, 
                    "datatype": "concept", 
                    "description": "Represents a single node in a graph", 
                    "graph_id": "9bda3163-97cb-11e6-84a5-026d961c88e6", 
                    "is_collector": false, 
                    "istopnode": false, 
                    "name": "Address Type", 
                    "nodegroup_id": "f77d6fbb-97cc-11e6-84a5-026d961c88e6", 
                    "nodeid": "0fd20329-97cd-11e6-84a5-026d961c88e6", 
                    "ontologyclass": "http://www.cidoc-crm.org/cidoc-crm/E55_Type", 
                    "parentproperty": "http://www.cidoc-crm.org/cidoc-crm/P2_has_type"
                }, 
                {
                    "config": {
                        "rdmCollection": "d5230d60-0eb9-483d-90f4-9965eaca0292"
                    }, 
                    "datatype": "concept", 
                    "description": "Represents a single node in a graph", 
                    "graph_id": "9bda3163-97cb-11e6-84a5-026d961c88e6", 
                    "is_collector": false, 
                    "istopnode": false, 
                    "name": "Administrative Subdivision Type", 
                    "nodegroup_id": "deeb8c5b-ab92-11e6-84a5-026d961c88e6", 
                    "nodeid": "32d3a993-ab93-11e6-84a5-026d961c88e6", 
                    "ontologyclass": "http://www.cidoc-crm.org/cidoc-crm/E55_Type", 
                    "parentproperty": "http://www.cidoc-crm.org/cidoc-crm/P2_has_type"
                }
            ], 
            "ontology_id": "e6e8db47-2ccf-11e6-927e-b8f6b115d7dd", 
            "reports": [], 
            "root": {
                "config": null, 
                "datatype": "semantic", 
                "description": "", 
                "graph_id": "9bda3163-97cb-11e6-84a5-026d961c88e6", 
                "is_collector": true, 
                "istopnode": true, 
                "name": "Place", 
                "nodegroup_id": "9bda3162-97cb-11e6-84a5-026d961c88e6", 
                "nodeid": "9bda3162-97cb-11e6-84a5-026d961c88e6", 
                "ontologyclass": "http://www.cidoc-crm.org/cidoc-crm/E53_Place", 
                "parentproperty": ""
            }, 
            "subtitle": "Richer Place branch for Heritage Resource and Heritage Resource Group", 
            "version": ""
        }
    ], 
    "metadata": {
        "db": "PostgreSQL 9.6.0 on x86_64-pc-linux-gnu, compiled by gcc (Ubuntu 5.3.1-14ubuntu2) 5.3.1 20160413, 64-bit", 
        "git hash": "ff93bd9 2017-01-24 10:17:51 -0800", 
        "os": "Linux", 
        "os version": "4.4.0-45-generic"
    }
}