{
    "graph": [
        {
            "author": " ", 
            "cards": [
                {
                    "active": true, 
                    "cardid": "b6f1ffb5-fa13-11e6-8973-6c4008b05c4c", 
                    "description": "System configuration for saving searches", 
                    "graph_id": "b6f174f5-fa13-11e6-9116-6c4008b05c4c", 
                    "helpenabled": false, 
                    "helptext": null, 
                    "helptitle": null, 
                    "instructions": null, 
                    "name": "Settings Saved Searches", 
                    "nodegroup_id": "b6f17257-fa13-11e6-8173-6c4008b05c4c", 
                    "sortorder": null, 
                    "visible": true
                }
            ], 
            "cards_x_nodes_x_widgets": [
                {
                    "card_id": "b6f1ffb5-fa13-11e6-8973-6c4008b05c4c", 
                    "config": "{\"maxFilesize\":\"200\",\"acceptedFiles\":\"\",\"label\":\"Image\"}", 
                    "id": "63b169ee-fa14-11e6-8c31-6c4008b05c4c", 
                    "label": "Image", 
                    "node_id": "54f907ae-fa14-11e6-8b01-6c4008b05c4c", 
                    "sortorder": 3, 
                    "widget_id": "10000000-0000-0000-0000-000000000019"
                }, 
                {
                    "card_id": "b6f1ffb5-fa13-11e6-8973-6c4008b05c4c", 
                    "config": "{\"width\":\"100%\",\"placeholder\":\"Enter text\",\"maxLength\":null,\"label\":\"Search Name\"}", 
                    "id": "63b0a1ee-fa14-11e6-8c08-6c4008b05c4c", 
                    "label": "Search Name", 
                    "node_id": "e382bea6-fa13-11e6-bb8c-6c4008b05c4c", 
                    "sortorder": 0, 
                    "widget_id": "10000000-0000-0000-0000-000000000001"
                }, 
                {
                    "card_id": "b6f1ffb5-fa13-11e6-8973-6c4008b05c4c", 
                    "config": "{\"width\":\"100%\",\"placeholder\":\"Enter text\",\"maxLength\":null,\"label\":\"Search URL\"}", 
                    "id": "63b12ab0-fa14-11e6-b1c2-6c4008b05c4c", 
                    "label": "Search URL", 
                    "node_id": "312e4cc5-fa14-11e6-ad08-6c4008b05c4c", 
                    "sortorder": 1, 
                    "widget_id": "10000000-0000-0000-0000-000000000001"
                }, 
                {
                    "card_id": "b6f1ffb5-fa13-11e6-8973-6c4008b05c4c", 
                    "config": "{\"width\":\"100%\",\"placeholder\":\"Enter text\",\"maxLength\":null,\"label\":\"Search Description\"}", 
                    "id": "63b0e8ca-fa14-11e6-852f-6c4008b05c4c", 
                    "label": "Search Description", 
                    "node_id": "1c8d1766-fa14-11e6-8226-6c4008b05c4c", 
                    "sortorder": 2, 
                    "widget_id": "10000000-0000-0000-0000-000000000005"
                }
            ], 
            "deploymentdate": null, 
            "deploymentfile": null, 
            "description": "System configuration for saving searches", 
            "edges": [
                {
                    "description": null, 
                    "domainnode_id": "b6f17257-fa13-11e6-8173-6c4008b05c4c", 
                    "edgeid": "54f9095c-fa14-11e6-aec3-6c4008b05c4c", 
                    "graph_id": "b6f174f5-fa13-11e6-9116-6c4008b05c4c", 
                    "name": null, 
                    "ontologyproperty": "http://www.cidoc-crm.org/cidoc-crm/P140i_was_attributed_by", 
                    "rangenode_id": "54f907ae-fa14-11e6-8b01-6c4008b05c4c"
                }, 
                {
                    "description": null, 
                    "domainnode_id": "b6f17257-fa13-11e6-8173-6c4008b05c4c", 
                    "edgeid": "1c8d1978-fa14-11e6-b0ef-6c4008b05c4c", 
                    "graph_id": "b6f174f5-fa13-11e6-9116-6c4008b05c4c", 
                    "name": null, 
                    "ontologyproperty": "http://www.cidoc-crm.org/cidoc-crm/P140i_was_attributed_by", 
                    "rangenode_id": "1c8d1766-fa14-11e6-8226-6c4008b05c4c"
                }, 
                {
                    "description": null, 
                    "domainnode_id": "b6f17257-fa13-11e6-8173-6c4008b05c4c", 
                    "edgeid": "e382c1c0-fa13-11e6-99d5-6c4008b05c4c", 
                    "graph_id": "b6f174f5-fa13-11e6-9116-6c4008b05c4c", 
                    "name": null, 
                    "ontologyproperty": "http://www.cidoc-crm.org/cidoc-crm/P140i_was_attributed_by", 
                    "rangenode_id": "e382bea6-fa13-11e6-bb8c-6c4008b05c4c"
                }, 
                {
                    "description": null, 
                    "domainnode_id": "b6f17257-fa13-11e6-8173-6c4008b05c4c", 
                    "edgeid": "312e4e7d-fa14-11e6-8abe-6c4008b05c4c", 
                    "graph_id": "b6f174f5-fa13-11e6-9116-6c4008b05c4c", 
                    "name": null, 
                    "ontologyproperty": "http://www.cidoc-crm.org/cidoc-crm/P140i_was_attributed_by", 
                    "rangenode_id": "312e4cc5-fa14-11e6-ad08-6c4008b05c4c"
                }
            ], 
            "forms": [], 
            "forms_x_cards": [], 
            "functions_x_graphs": [], 
            "graphid": "b6f174f5-fa13-11e6-9116-6c4008b05c4c", 
            "iconclass": "fa fa-save", 
            "isactive": true, 
            "isresource": false, 
            "mapfeaturecolor": "#FF0000", 
            "maplinewidth": 1, 
            "mappointsize": 3, 
            "name": "Settings Saved Searches", 
            "nodegroups": [
                {
                    "cardinality": "n", 
                    "legacygroupid": null, 
                    "nodegroupid": "b6f17257-fa13-11e6-8173-6c4008b05c4c", 
                    "parentnodegroup_id": null
                }
            ], 
            "nodes": [
                {
                    "config": null, 
                    "datatype": "string", 
                    "description": "Represents a single node in a graph", 
                    "graph_id": "b6f174f5-fa13-11e6-9116-6c4008b05c4c", 
                    "is_collector": false, 
                    "istopnode": false, 
                    "name": "Search Description", 
                    "nodegroup_id": "b6f17257-fa13-11e6-8173-6c4008b05c4c", 
                    "nodeid": "1c8d1766-fa14-11e6-8226-6c4008b05c4c", 
                    "ontologyclass": "http://www.cidoc-crm.org/cidoc-crm/E13_Attribute_Assignment", 
                    "parentproperty": "http://www.cidoc-crm.org/cidoc-crm/P140i_was_attributed_by"
                }, 
                {
                    "config": null, 
                    "datatype": "string", 
                    "description": "Represents a single node in a graph", 
                    "graph_id": "b6f174f5-fa13-11e6-9116-6c4008b05c4c", 
                    "is_collector": false, 
                    "istopnode": false, 
                    "name": "Search Name", 
                    "nodegroup_id": "b6f17257-fa13-11e6-8173-6c4008b05c4c", 
                    "nodeid": "e382bea6-fa13-11e6-bb8c-6c4008b05c4c", 
                    "ontologyclass": "http://www.cidoc-crm.org/cidoc-crm/E13_Attribute_Assignment", 
                    "parentproperty": "http://www.cidoc-crm.org/cidoc-crm/P140i_was_attributed_by"
                }, 
                {
                    "config": null, 
                    "datatype": "string", 
                    "description": "Represents a single node in a graph", 
                    "graph_id": "b6f174f5-fa13-11e6-9116-6c4008b05c4c", 
                    "is_collector": false, 
                    "istopnode": false, 
                    "name": "Search URL", 
                    "nodegroup_id": "b6f17257-fa13-11e6-8173-6c4008b05c4c", 
                    "nodeid": "312e4cc5-fa14-11e6-ad08-6c4008b05c4c", 
                    "ontologyclass": "http://www.cidoc-crm.org/cidoc-crm/E13_Attribute_Assignment", 
                    "parentproperty": "http://www.cidoc-crm.org/cidoc-crm/P140i_was_attributed_by"
                }, 
                {
                    "config": null, 
                    "datatype": "semantic", 
                    "description": "", 
                    "graph_id": "b6f174f5-fa13-11e6-9116-6c4008b05c4c", 
                    "is_collector": true, 
                    "istopnode": true, 
                    "name": "Saved Searches", 
                    "nodegroup_id": "b6f17257-fa13-11e6-8173-6c4008b05c4c", 
                    "nodeid": "b6f17257-fa13-11e6-8173-6c4008b05c4c", 
                    "ontologyclass": "http://www.cidoc-crm.org/cidoc-crm/E13_Attribute_Assignment", 
                    "parentproperty": ""
                }, 
                {
                    "config": null, 
                    "datatype": "file-list", 
                    "description": "Represents a single node in a graph", 
                    "graph_id": "b6f174f5-fa13-11e6-9116-6c4008b05c4c", 
                    "is_collector": false, 
                    "istopnode": false, 
                    "name": "Image", 
                    "nodegroup_id": "b6f17257-fa13-11e6-8173-6c4008b05c4c", 
                    "nodeid": "54f907ae-fa14-11e6-8b01-6c4008b05c4c", 
                    "ontologyclass": "http://www.cidoc-crm.org/cidoc-crm/E13_Attribute_Assignment", 
                    "parentproperty": "http://www.cidoc-crm.org/cidoc-crm/P140i_was_attributed_by"
                }
            ], 
            "ontology_id": "e6e8db47-2ccf-11e6-927e-b8f6b115d7dd", 
            "relatable_resource_model_ids": [], 
            "reports": [], 
            "resource_2_resource_constraints": [], 
            "root": {
                "config": null, 
                "datatype": "semantic", 
                "description": "", 
                "graph_id": "b6f174f5-fa13-11e6-9116-6c4008b05c4c", 
                "is_collector": true, 
                "istopnode": true, 
                "name": "Saved Searches", 
                "nodegroup_id": "b6f17257-fa13-11e6-8173-6c4008b05c4c", 
                "nodeid": "b6f17257-fa13-11e6-8173-6c4008b05c4c", 
                "ontologyclass": "http://www.cidoc-crm.org/cidoc-crm/E13_Attribute_Assignment", 
                "parentproperty": ""
            }, 
            "subtitle": "Saved search settings", 
            "version": ""
        }
    ], 
    "metadata": {
        "db": "PostgreSQL 9.6.1 on x86_64-apple-darwin14.5.0, compiled by Apple LLVM version 7.0.0 (clang-700.1.76), 64-bit", 
        "git hash": "0ffff60 2017-02-24 11:14:14 -0800", 
        "os": "Darwin", 
        "os version": "15.6.0"
    }
}